Workbook

Sheet Totals
A2: Total | B2: =SUM(B4:B15) -> 32522.7
A4: Spirits | B4: =Spirits!K2 -> 21319.05
A5: Wine & Cava | B5: ='Wines, Cava & Champ.'!K2 -> 3704.31
A6: Plastics | B6: ='Plastic Litre or More'!K2 -> 1177.02
A7: Miniatures | B7: =Miniatures!J2 -> 115.01
A8: Small Spirit | B8: ='Spirits Less than 700ml'!K2 -> 1181.66
A9: Beers | B9: =Beers!K2 -> 1695.56
A10: Ciders | B10: =Ciders!K2 -> 1022.06
A11: Alco-pop | B11: ='Alco Pops'!K2 -> 917.97
A12: Frozen Food | C12: ='Frozen Food'!K2 -> 359.57
A13: Dried Food | B13: ='Dried Food'!K2 -> 0
A14: Soft Drinks | B14: ='Soft Drinks & Mixers'!K2 -> 1390.06
A15: Sweets | B15: ='Sweets & Crisps'!J2 -> 0

Sheet Spirits
A1: Cap. (ml) | B1: Item | C1: Buy 2025 | D1: Bar Price | E1: Shop Price | F1: Supplier | G1: Downstairs/Out back | H1: Shelves | I1: Storage Upstairs | J1: Quantity | K1: Value
K2: =SUM(K3:K470) -> 21319.05
B5: Absinthes
B9: Anis/Hierbas
A11: 700 | B11: Anis del Mono Dulce | C11: 8.79 | D11: 9.9 | E11: 9.9 | F11: Tunel | G11: 0 | H11: 2 | J11: =SUM(G11:I11) -> 2 | K11: =SUM(C11*J11) -> 17.58
A12: 700 | B12: Anis del Mono Secas | C12: 10.23 | D12: 10.9 | E12: 10.9 | F12: Tunel | H12: 3 | J12: =SUM(G12:I12) -> 3 | K12: =SUM(C12*J12) -> 30.69
A13: 700 | B13: Anis Jordi Perello Tres Caires | C13: 14.4 | D13: 16.5 | E13: 16.5 | F13: Tunel | H13: 2 | J13: =SUM(G13:I13) -> 2 | K13: =SUM(C13*J13) -> 28.8
A14: 1L | B14: Hierbas Dulce Tunel | C14: 9.85 | D14: 11.95 | E14: 11.95 | F14: Tunel | G14: 1 | H14: 7 | J14: =SUM(G14:I14) -> 8 | K14: =SUM(C14*J14) -> 78.8
A15: 1L | B15: Hierbas Mix Tunel | C15: 10.8 | D15: 12.95 | E15: 12.95 | F15: Tunel | H15: 8 | J15: =SUM(G15:I15) -> 8 | K15: =SUM(C15*J15) -> 86.4
A16: 1L | B16: Hierbas Secas Tunel | C16: 12.2 | D16: 13.95 | E16: 13.95 | F16: Tunel | H16: 7 | J16: =SUM(G16:I16) -> 7 | K16: =SUM(C16*J16) -> 85.4
A17: 700 | B17: Licor Hierbas Pazo | C17: 9.2 | D17: 10.5 | E17: 11.5 | F17: Tunel | H17: 3 | J17: =SUM(G17:I17) -> 3 | K17: =SUM(C17*J17) -> 27.6
A18: 700 | B18: Palo Tunel | C18: 9.89 | D18: 11.5 | E18: 11.95 | F18: Tunel | J18: =SUM(G18:I18) -> 0 | K18: =SUM(C18*J18) -> 0
A19: 1L | B19: Pernod | C19: 16.5 | D19: 18.5 | E19: 18.5 | F19: Tunel | H19: 4 | J19: =SUM(G19:I19) -> 4 | K19: =SUM(C19*J19) -> 66
A20: 1L | B20: Ricard | C20: 16.71 | D20: 18.5 | E20: 18.5 | F20: Tunel | H20: 4 | J20: =SUM(G20:I20) -> 4 | K20: =SUM(C20*J20) -> 66.84
B23: Aperitifs
A25: 1L | B25: Campari | C25: 17.69 | D25: 18.95 | E25: 18.95 | F25: Tunel | H25: 2 | J25: =SUM(G25:I25) -> 2 | K25: =SUM(C25*J25) -> 35.38
A26: 750 | B26: Martini Asti | C26: 8.5 | D26: 10.5 | E26: 10.5 | F26: Tunel | H26: 2 | J26: =SUM(G26:I26) -> 2 | K26: =SUM(C26*J26) -> 17
A27: 1L | B27: Martini Bianco | C27: 9.2 | D27: 10.5 | E27: 10.5 | F27: Tunel | H27: 2 | J27: =SUM(G27:I27) -> 2 | K27: =SUM(C27*J27) -> 18.4
A28: 1L | B28: Martini Dry | C28: 9.51 | D28: 10.5 | E28: 10.5 | F28: Tunel | H28: 8 | J28: =SUM(G28:I28) -> 8 | K28: =SUM(C28*J28) -> 76.08
A29: 1L | B29: Martini Rosso | C29: 9.2 | D29: 10.5 | E29: 10.5 | F29: Tunel | H29: 8 | J29: =SUM(G29:I29) -> 8 | K29: =SUM(C29*J29) -> 73.6
A30: 1L | B30: Yzaguirre Blanco | C30: 6.69 | D30: 7.5 | E30: 7.7 | F30: Tunel | H30: 3 | J30: =SUM(G30:I30) -> 3 | K30: =SUM(C30*J30) -> 20.07
B32: Brandys
A34: 1L | B34: 103 | C34: 12.34 | D34: 13.5 | E34: 13.95 | F34: Tunel | H34: 1 | J34: =SUM(G34:I34) -> 1 | K34: =SUM(C34*J34) -> 12.34
A35: 1L | B35: Asbach | C35: 17.73 | D35: 19.95 | E35: 22 | F35: Tunel | H35: 3 | J35: =SUM(G35:I35) -> 3 | K35: =SUM(C35*J35) -> 53.19
A36: 700 | B36: Cardinal Mendoza | C36: 20.23 | D36: 24 | E36: 24.95 | F36: Tunel | H36: 5 | J36: =SUM(G36:I36) -> 5 | K36: =SUM(C36*J36) -> 101.15
A37: 700 | B37: Carlos I | C37: 19.67 | D37: 23.5 | E37: 23.95 | F37: Alcodis | H37: 1 | J37: =SUM(G37:I37) -> 1 | K37: =SUM(C37*J37) -> 19.67
A38: 1L | B38: Carlos I | C38: 24.55 | D38: 29.95 | E38: 29.95 | F38: Alcodis | H38: 3 | J38: =SUM(G38:I38) -> 3 | K38: =SUM(C38*J38) -> 73.65
A39: 700 | B39: Carlos III | D39: 12.5 | E39: 12.5 | F39: Tunel | J39: =SUM(G39:I39) -> 0 | K39: =SUM(C39*J39) -> 0
A40: 700 | B40: Grand Duque De alba | C40: 21.57 | D40: 24 | E40: 24.95 | F40: Tunel | J40: =SUM(G40:I40) -> 0 | K40: =SUM(C40*J40) -> 0
A41: 700 | B41: Lepanto | C41: 19.61 | D41: 24 | E41: 24.95 | F41: Tunel | J41: =SUM(G41:I41) -> 0 | K41: =SUM(C41*J41) -> 0
A42: 1L | B42: Magno | C42: 13.04 | D42: 14.95 | E42: 14.95 | F42: Alcodis | G42: 6 | H42: 2 | J42: =SUM(G42:I42) -> 8 | K42: =SUM(C42*J42) -> 104.32
A43: 1L | B43: Metaxa 5 | C43: 14.08 | D43: 17.95 | E43: 17.95 | F43: Tunel | J43: =SUM(G43:I43) -> 0 | K43: =SUM(C43*J43) -> 0
A44: 1L | B44: Metaxa 7 | C44: 16.82 | D44: 19.95 | E44: 19.95 | F44: Tunel | H44: 2 | J44: =SUM(G44:I44) -> 2 | K44: =SUM(C44*J44) -> 33.64
A45: 700 | B45: Ponche Caballero | C45: 9.98 | D45: 11.5 | E45: 11.5 | F45: Tunel | H45: 6 | J45: =SUM(G45:I45) -> 6 | K45: =SUM(C45*J45) -> 59.88
A46: 1L | B46: Soberano | C46: 9.87 | D46: 11.5 | E46: 11.5 | F46: Tunel | G46: 3 | H46: 9 | J46: =SUM(G46:I46) -> 12 | K46: =SUM(C46*J46) -> 118.44
A47: 1L | B47: Terrys | C47: 9.92 | D47: 11.5 | E47: 11.5 | F47: Tunel | H47: 5 | J47: =SUM(G47:I47) -> 5 | K47: =SUM(C47*J47) -> 49.6
A48: 1L | B48: Tio Pedro | C48: 5.97 | D48: 7.5 | E48: 7.95 | F48: Tunel | G48: 4 | H48: 4 | J48: =SUM(G48:I48) -> 8 | K48: =SUM(C48*J48) -> 47.76
A49: 700 | B49: Torres 10 | C49: 11.77 | D49: 12.95 | E49: 12.95 | F49: Tunel | J49: =SUM(G49:I49) -> 0 | K49: =SUM(C49*J49) -> 0
A50: 700 | B50: Torres 5 | C50: 9.07 | D50: 10.95 | E50: 10.95 | F50: Tunel | J50: =SUM(G50:I50) -> 0 | K50: =SUM(C50*J50) -> 0
A51: 1L | B51: Veterano | C51: 10.74 | D51: 11.5 | E51: 11.5 | F51: Tunel | H51: 2 | J51: =SUM(G51:I51) -> 2 | K51: =SUM(C51*J51) -> 21.48
B54: Cognacs
A56: 1L | B56: Courvoisier VS | C56: 31.47 | D56: 37.5 | E56: 39.5 | F56: Alcodis | H56: 0 | J56: =SUM(G56:I56) -> 0 | K56: =SUM(C56*J56) -> 0
A57: 700 | B57: Hennessy | C57: 36.33 | D57: 39 | E57: 39 | F57: Tunel | H57: 4 | J57: =SUM(G57:I57) -> 4 | K57: =SUM(C57*J57) -> 145.32
A58: 700 | B58: Martell VS | C58: 35 | D58: 37.5 | E58: 37.5 | F58: Tunel | H58: 5 | J58: =SUM(G58:I58) -> 5 | K58: =SUM(C58*J58) -> 175
B60: Caiman/Schnapps Sin Alcohol
A62: 1L | B62: Banana Caiman | C62: 2.82 | D62: 3.75 | E62: 4.5 | F62: Tunel | H62: 5 | J62: =SUM(G62:I62) -> 5 | K62: =SUM(C62*J62) -> 14.1
A63: 1L | B63: Blackcurrant Caiman | C63: 3.36 | D63: 4.3 | E63: 4.5 | F63: Tunel | H63: 8 | I63: 18 | J63: =SUM(G63:I63) -> 26 | K63: =SUM(C63*J63) -> 87.36
A64: 1L | B64: Blue Curacao Caiman | C64: 3.31 | D64: 4.25 | E64: 4.5 | F64: Tunel | H64: 10 | J64: =SUM(G64:I64) -> 10 | K64: =SUM(C64*J64) -> 33.1
A65: 1L | B65: Coco Caiman | C65: 3.63 | D65: 4.5 | E65: 2 | F65: Tunel | H65: 3 | I65: 6 | J65: =SUM(G65:I65) -> 9 | K65: =SUM(C65*J65) -> 32.67
A66: 1L | B66: Frambuesa Caiman | C66: 3.63 | D66: 4.5 | E66: 4.75 | F66: Tunel | H66: 4 | J66: =SUM(G66:I66) -> 4 | K66: =SUM(C66*J66) -> 14.52
A67: 1L | B67: Green Apple Caiman | C67: 2.22 | D67: 2.95 | E67: 3.5 | F67: Tunel | H67: 4 | J67: =SUM(G67:I67) -> 4 | K67: =SUM(C67*J67) -> 8.88
A68: 1L | B68: Grenadina Caiman | C68: 2.96 | D68: 3.95 | E68: 4.5 | F68: Tunel | H68: 6 | I68: 30 | J68: =SUM(G68:I68) -> 36 | K68: =SUM(C68*J68) -> 106.56
A69: 1L | B69: Kiwi Caiman | C69: 3.4 | D69: 4.25 | E69: 4.5 | F69: Tunel | H69: 4 | J69: =SUM(G69:I69) -> 4 | K69: =SUM(C69*J69) -> 13.6
A70: 1L | B70: Lime Caiman | C70: 2.36 | D70: 3.25 | E70: 3.8 | F70: Tunel | H70: 3 | I70: 12 | J70: =SUM(G70:I70) -> 15 | K70: =SUM(C70*J70) -> 35.4
A71: 1L | B71: Maracuya Caiman | C71: 4.35 | D71: 5.25 | E71: 5.5 | F71: Tunel | H71: 2 | J71: =SUM(G71:I71) -> 2 | K71: =SUM(C71*J71) -> 8.7
A72: 1L | B72: Peach Caiman | C72: 2.22 | D72: 2.95 | E72: 3.5 | F72: Tunel | H72: 6 | J72: =SUM(G72:I72) -> 6 | K72: =SUM(C72*J72) -> 13.32
A73: 1L | B73: Strawberry Caiman | C73: 3.63 | D73: 4.5 | E73: 4.75 | F73: Tunel | H73: 3 | I73: 6 | J73: =SUM(G73:I73) -> 9 | K73: =SUM(C73*J73) -> 32.67
A74: 1L | B74: Tropical Blue Caiman | C74: 3.18 | D74: 4.25 | E74: 4.5 | F74: Tunel | H74: 1 | J74: =SUM(G74:I74) -> 1 | K74: =SUM(C74*J74) -> 3.18
A75: 1L | B75: Mango Caiman | C75: 4.35 | D75: 5.25 | E75: 5.5 | F75: Tunel | H75: 4 | I75: 0 | J75: =SUM(G75:I75) -> 4 | K75: =SUM(C75*J75) -> 17.4
A78: 700ml | B78: Puree Bora Bora Fresa plastic | C78: 8.41 | D78: 9.5 | E78: 9.95 | F78: Tunel | J78: =SUM(G78:I78) -> 0 | K78: =SUM(C78*J78) -> 0
A79: 700ml | B79: Puree Bora Bora Mango plastic | C79: 8.41 | D79: 9.5 | E79: 9.95 | F79: Tunel | H79: 3 | J79: =SUM(G79:I79) -> 3 | K79: =SUM(C79*J79) -> 25.23
A81: 700 | B81: Bora Bora Coconut Milk | C81: 7.48 | D81: 8.5 | E81: 8.95 | F81: Tunel | H81: 2 | J81: =SUM(G81:I81) -> 2 | K81: =SUM(C81*J81) -> 14.96
A82: 700 | B82: Bora Bora Flor De Sauco | C82: 5.85 | D82: 6.95 | E82: 6.95 | F82: Tunel | H82: 2 | J82: =SUM(G82:I82) -> 2 | K82: =SUM(C82*J82) -> 11.7
A83: 700 | B83: Bora Bora Goma | C83: 4.37 | D83: 5.45 | E83: 5.95 | F83: Tunel | H83: 1 | I83: 6 | J83: =SUM(G83:I83) -> 7 | K83: =SUM(C83*J83) -> 30.59
A84: 700 | B84: Bora Bora Fresa Sirop | C84: 5.85 | D84: 6.95 | E84: 6.95 | F84: Tunel | J84: =SUM(G84:I84) -> 0 | K84: =SUM(C84*J84) -> 0
A85: 700 | B85: Bora Bora Passion Fruit | C85: 5.85 | D85: 6.95 | E85: 6.95 | F85: Tunel | J85: =SUM(G85:I85) -> 0 | K85: =SUM(C85*J85) -> 0
A86: 700 | B86: Bora Bora Coconut | C86: 5.49 | D86: 6.95 | E86: 6.95 | F86: Tunel | H86: 1 | I86: 6 | J86: =SUM(G86:I86) -> 7 | K86: =SUM(C86*J86) -> 38.43
A87: 700 | B87: Bora Bora Mojito Mint Sirop | C87: 5.85 | D87: 6.95 | E87: 6.95 | F87: Tunel | H87: 5 | J87: =SUM(G87:I87) -> 5 | K87: =SUM(C87*J87) -> 29.25
A88: 700 | B88: Bora Bora Vanilla | C88: 5.95 | D88: 6.95 | E88: 6.95 | F88: Tunel | H88: 2 | J88: =SUM(G88:I88) -> 2 | K88: =SUM(C88*J88) -> 11.9
B90: Gins
A92: Cap. (ml) | B92: Item
A94: 1L | B94: Beefeater | C94: 16.09 | D94: 19.95 | E94: 21 | F94: Alcodis | H94: 3 | J94: =SUM(G94:I94) -> 3 | K94: =SUM(C94*J94) -> 48.27
A95: 1L | B95: Beefeater Rose | C95: 19.33 | D95: 22.95 | E95: 23.5 | F95: Tunel | G95: 4 | H95: 4 | J95: =SUM(G95:I95) -> 8 | K95: =SUM(C95*J95) -> 154.64
A96: 700 | B96: Boe Violet | C96: 30.6 | D96: 32.95 | E96: 33.5 | F96: Tunel | J96: =SUM(G96:I96) -> 0 | K96: =SUM(C96*J96) -> 0
A97: 700 | B97: Bombay Original Dry | C97: 13.04 | D97: 14.5 | E97: 14.95 | F97: Tunel | J97: =SUM(G97:I97) -> 0 | K97: =SUM(C97*J97) -> 0
A98: 1L | B98: Bombay Sapphire | C98: 21.13 | D98: 22.95 | E98: 23.95 | F98: Tunel | H98: 7 | J98: =SUM(G98:I98) -> 7 | K98: =SUM(C98*J98) -> 147.91
A99: 1L | B99: Buldog Litre | C99: 17.84 | D99: 22 | E99: 22 | F99: Alcodis | H99: 5 | J99: =SUM(G99:I99) -> 5 | K99: =SUM(C99*J99) -> 89.2
A100: 1L | B100: Brockmans | C100: 24.7 | D100: 32 | E100: 35 | F100: Alcodis | J100: =SUM(G100:I100) -> 0 | K100: =SUM(C100*J100) -> 0
A101: 700 | B101: Brockmans | C101: 21.78 | D101: 27 | E101: 29.95 | F101: Tunel | H101: 5 | J101: =SUM(G101:I101) -> 5 | K101: =SUM(C101*J101) -> 108.9
A102: 1L | B102: The Botanist | C102: 37.48 | D102: 33.5 | E102: 39.95 | F102: Alcodis | H102: 4 | J102: =SUM(G102:I102) -> 4 | K102: =SUM(C102*J102) -> 149.92
A103: 700 | B103: Gin Eva | C103: 27.2 | D103: 29.95 | E103: 32 | F103: Tunel | H103: 1 | J103: =SUM(G103:I103) -> 1 | K103: =SUM(C103*J103) -> 27.2
A104: 1L | B104: Gordons | C104: 13.91 | D104: 15.9 | E104: 16 | F104: Tunel | H104: 6 | I104: 18 | J104: =SUM(G104:I104) -> 24 | K104: =SUM(C104*J104) -> 333.84
A105: 700ml | B105: Gordons No-Alc | C105: 10.68 | D105: 12.95 | E105: 13.5 | F105: Alcodis | H105: 7 | J105: =SUM(G105:I105) -> 7 | K105: =SUM(C105*J105) -> 74.76
A106: 1L | B106: Gordons Pink | C106: 12.35 | D106: 16.5 | E106: 16.95 | F106: HG | H106: 10 | I106: 9 | J106: =SUM(G106:I106) -> 19 | K106: =SUM(C106*J106) -> 234.65
A107: 700 | B107: Gordons Sicillian Lemon | C107: 15.24 | D107: 11.5 | E107: 16.95 | F107: Alcodis | J107: =SUM(G107:I107) -> 0 | K107: =SUM(C107*J107) -> 0
A108: 700 | B108: Hendricks | C108: 24.57 | D108: 33.95 | E108: 33.95 | F108: Tunel | H108: 2 | J108: =SUM(G108:I108) -> 2 | K108: =SUM(C108*J108) -> 49.14
A109: 1L | B109: Hendricks | C109: 30.79 | D109: 39.95 | E109: 39.95 | F109: Tunel | H109: 3 | J109: =SUM(G109:I109) -> 3 | K109: =SUM(C109*J109) -> 92.37
A110: 1L | B110: Larios | C110: 12.25 | D110: 13.5 | E110: 13.95 | F110: Tunel | H110: 6 | J110: =SUM(G110:I110) -> 6 | K110: =SUM(C110*J110) -> 73.5
A111: 700 | B111: Larios 12 yr | C111: 11.77 | D111: 13.95 | E111: 14.95 | F111: Tunel | H111: 2 | J111: =SUM(G111:I111) -> 2 | K111: =SUM(C111*J111) -> 23.54
A112: 1L | B112: Larios Rose | C112: 13.49 | D112: 16.5 | E112: 16.95 | F112: Alcodis | H112: 4 | J112: =SUM(G112:I112) -> 4 | K112: =SUM(C112*J112) -> 53.96
A113: 700 | B113: London No.1 | C113: 26.68 | D113: 29.5 | E113: 32 | F113: Tunel | H113: 1 | J113: =SUM(G113:I113) -> 1 | K113: =SUM(C113*J113) -> 26.68
A114: 700 | B114: Mare | C114: 25.47 | D114: 29.95 | E114: 29.95 | F114: Tunel | H114: 4 | J114: =SUM(G114:I114) -> 4 | K114: =SUM(C114*J114) -> 101.88
A115: 500 | B115: Monkey | C115: 31.07 | D115: 37 | E115: 37 | F115: Alcodis | H115: 1 | J115: =SUM(G115:I115) -> 1 | K115: =SUM(C115*J115) -> 31.07
A116: 1L | B116: Nordes | C116: 21.9 | D116: 25 | E116: 26 | F116: Alcodis | H116: 1 | J116: =SUM(G116:I116) -> 1 | K116: =SUM(C116*J116) -> 21.9
A117: 1L | B117: Palmbridge 37.5% | C117: 6.82 | D117: 7.95 | E117: 8.5 | F117: Tunel | G117: 10 | H117: 3 | J117: =SUM(G117:I117) -> 13 | K117: =SUM(C117*J117) -> 88.66
A118: 1L | B118: Palmbrdge Pink | C118: 9.07 | D118: 10.5 | E118: 10.95 | F118: Tunel | H118: 3 | I118: 6 | J118: =SUM(G118:I118) -> 9 | K118: =SUM(C118*J118) -> 81.63
A119: 700 | B119: Puerto de indias Strawberry | C119: 14.15 | D119: 16.95 | E119: 16.95 | F119: Tunel | H119: 4 | J119: =SUM(G119:I119) -> 4 | K119: =SUM(C119*J119) -> 56.6
A120: 700 | B120: Seagrams | C120: 14.76 | D120: 16.95 | E120: 16.95 | F120: Tunel | H120: 4 | J120: =SUM(G120:I120) -> 4 | K120: =SUM(C120*J120) -> 59.04
A121: 700 | B121: Sharish | C121: 22 | D121: 29 | E121: 29.95 | F121: Tunel | H121: 1 | J121: =SUM(G121:I121) -> 1 | K121: =SUM(C121*J121) -> 22
A122: 700 | B122: Suau | C122: 19.05 | D122: 22 | E122: 22.95 | F122: Tunel | H122: 2 | J122: =SUM(G122:I122) -> 2 | K122: =SUM(C122*J122) -> 38.1
...

Sheet Wines, Cava & Champ.
A1: Cap. (ml) | B1: Item | C1: Buy 2025 | D1: Bar Price | E1: Shop Price | F1: Supplier | G1: Downstairs/Out back | H1: Shelves | I1: Storage Upstairs | J1: Quantity | K1: Value
K2: =SUM(K3:K109) -> 3704.31
B3: WINES
A4: 750 | B4: Acantus Blanco | C4: 2.64 | D4: 3.15 | E4: 3.5 | F4: Sues | G4: 83 | J4: =SUM(G4:I4) -> 83 | K4: =SUM(C4*J4) -> 219.12
A5: 750 | B5: Acantus Tinto | C5: 2.64 | D5: 3.15 | E5: 3.5 | F5: Sues | G5: 58 | J5: =SUM(G5:I5) -> 58 | K5: =SUM(C5*J5) -> 153.12
A6: 750 | B6: Acantus Rosado | C6: 2.64 | D6: 3.15 | E6: 3.5 | F6: Sues | G6: 39 | J6: =SUM(G6:I6) -> 39 | K6: =SUM(C6*J6) -> 102.96
A7: 750 | B7: Bach Tinto | C7: 3.9 | D7: 4.5 | E7: 4.9 | F7: Tunel | G7: 6 | H7: 9 | J7: =SUM(G7:I7) -> 15 | K7: =SUM(C7*J7) -> 58.5
A8: 750 | B8: Bach Seco | C8: 3.9 | D8: 4.5 | E8: 4.9 | F8: Tunel | G8: 6 | H8: 1 | J8: =SUM(G8:I8) -> 7 | K8: =SUM(C8*J8) -> 27.3
A9: 750 | B9: Bach Semi | C9: 4.22 | D9: 4.5 | E9: 4.9 | F9: Tunel | H9: 4 | J9: =SUM(G9:I9) -> 4 | K9: =SUM(C9*J9) -> 16.88
A10: 750 | B10: Bach Rosado (Blush) | C10: 3.9 | D10: 4.5 | E10: 4.9 | F10: Tunel | G10: 6 | H10: 5 | J10: =SUM(G10:I10) -> 11 | K10: =SUM(C10*J10) -> 42.9
A11: 750 | B11: Bicicletes I Peces Rosado | C11: 6.08 | D11: 6.95 | E11: 7.95 | F11: Tunel | G11: 0 | H11: 9 | J11: =SUM(G11:I11) -> 9 | K11: =SUM(C11*J11) -> 54.72
A12: 750 | B12: Bicicletes I Peces Verdejo | C12: 6.08 | D12: 6.95 | E12: 7.95 | F12: Tunel | H12: 6 | J12: =SUM(G12:I12) -> 6 | K12: =SUM(C12*J12) -> 36.48
A13: 750 | B13: Bicicletes I Peces Sauv Blanc | C13: 6.08 | D13: 6.95 | E13: 7.95 | F13: Tunel | H13: 2 | J13: =SUM(G13:I13) -> 2 | K13: =SUM(C13*J13) -> 12.16
A14: 750 | B14: Blossom Hill | C14: 5.45 | D14: 5.95 | E14: 6.5 | F14: Tunel | H14: 3 | J14: =SUM(G14:I14) -> 3 | K14: =SUM(C14*J14) -> 16.35
A15: 750 | B15: Buckfast | C15: 7.35 | D15: 8.95 | E15: 9.5 | F15: Tunel | H15: 10 | J15: =SUM(G15:I15) -> 10 | K15: =SUM(C15*J15) -> 73.5
A16: 750 | B16: Campo Viejo CRIANZA | C16: 5.43 | D16: 6.5 | E16: 6.5 | F16: GM | J16: =SUM(G16:I16) -> 0 | K16: =SUM(C16*J16) -> 0
A17: 750 | B17: Casillero Del Diablo | C17: 8.33 | D17: 9.5 | E17: 10.5 | F17: Tunel | G17: 6 | H17: 2 | J17: =SUM(G17:I17) -> 8 | K17: =SUM(C17*J17) -> 66.64
A18: 750 | B18: Conde De Caralt Rosado | C18: 2.86 | D18: 3.35 | E18: 3.75 | F18: Bonet | G18: 18 | H18: 6 | J18: =SUM(G18:I18) -> 24 | K18: =SUM(C18*J18) -> 68.64
A19: 750 | B19: Conde De Caralt Seco | C19: 2.86 | D19: 3.35 | E19: 3.75 | F19: Bonet | G19: 24 | H19: 8 | J19: =SUM(G19:I19) -> 32 | K19: =SUM(C19*J19) -> 91.52
A20: 750 | B20: Conde De Caralt Semi | C20: 2.86 | D20: 3.35 | E20: 3.75 | F20: Bonet | G20: 12 | H20: 1 | J20: =SUM(G20:I20) -> 13 | K20: =SUM(C20*J20) -> 37.18
A21: 750 | B21: Conde De Caralt Tinto | C21: 2.86 | D21: 3.35 | E21: 3.75 | F21: Bonet | G21: 24 | H21: 0 | J21: =SUM(G21:I21) -> 24 | K21: =SUM(C21*J21) -> 68.64
A22: 750 | B22: Conde de Caralt CASE 6 | C22: 16.84 | D22: 19.5 | E22: 19.5 | F22: Bonet
A23: 750 | B23: Costa D'Or Rosado | C23: 2.64 | D23: 3 | E23: 3.5 | F23: Tunel | J23: =SUM(G23:I23) -> 0 | K23: =SUM(C23*J23) -> 0
A24: 750 | B24: Costa D'Or Tinto | C24: 2.64 | D24: 3 | E24: 3.5 | F24: Tunel | H24: 4 | J24: =SUM(G24:I24) -> 4 | K24: =SUM(C24*J24) -> 10.56
A25: 750 | B25: Costa D'Or Select | C25: 2.64 | D25: 3 | E25: 3.5 | F25: Tunel | H25: 3 | J25: =SUM(G25:I25) -> 3 | K25: =SUM(C25*J25) -> 7.92
A26: 750 | B26: Echo Falls Chardonnay | C26: 5.45 | D26: 6.5 | E26: 6.95 | F26: Tunel | H26: 6 | J26: =SUM(G26:I26) -> 6 | K26: =SUM(C26*J26) -> 32.7
A27: 750 | B27: Echo Falls White Zinfandel | C27: 5.45 | D27: 6.5 | E27: 6.95 | F27: Tunel | H27: 3 | J27: =SUM(G27:I27) -> 3 | K27: =SUM(C27*J27) -> 16.35
A28: 750 | B28: Echo Falls Pinot Grigio | C28: 5.45 | D28: 6.5 | E28: 6.95 | F28: Tunel | H28: 8 | J28: =SUM(G28:I28) -> 8 | K28: =SUM(C28*J28) -> 43.6
A29: 750 | B29: Echo Falls Summer berries | C29: 5.45 | D29: 6.5 | E29: 6.95 | F29: Tunel | H29: 2 | J29: =SUM(G29:I29) -> 2 | K29: =SUM(C29*J29) -> 10.9
A30: 750 | B30: El Coto Tinto | C30: 5.23 | D30: 5.75 | E30: 5.95 | F30: Tunel | G30: 12 | H30: 4 | J30: =SUM(G30:I30) -> 16 | K30: =SUM(C30*J30) -> 83.68
A31: 750 | B31: EL Coto White | C31: 4.11 | D31: 5.25 | E31: 5.5 | F31: Tunel | G31: 6 | H31: 3 | J31: =SUM(G31:I31) -> 9 | K31: =SUM(C31*J31) -> 36.99
A32: 750 | B32: Faustino I | C32: 16.5 | D32: 18.5 | E32: 19.95 | F32: GM | H32: 3 | J32: =SUM(G32:I32) -> 3 | K32: =SUM(C32*J32) -> 49.5
A33: 750 | B33: Faustino V | C33: 8.95 | D33: 9.95 | E33: 9.95 | F33: GM | H33: 4 | J33: =SUM(G33:I33) -> 4 | K33: =SUM(C33*J33) -> 35.8
A34: 750 | B34: Faustino VII Tinto | C34: 3.57 | D34: 4.95 | E34: 4.95 | F34: GM | J34: =SUM(G34:I34) -> 0 | K34: =SUM(C34*J34) -> 0
A35: 750 | B35: I Heart Pinot Grigio | C35: 4.21 | D35: 4.95 | E35: 5.95 | F35: Bonet | G35: 6 | H35: 9 | J35: =SUM(G35:I35) -> 15 | K35: =SUM(C35*J35) -> 63.15
A36: 750 | B36: I Heart Merlot | C36: 4.21 | D36: 4.95 | E36: 5.95 | F36: Bonet | G36: 6 | H36: 5 | J36: =SUM(G36:I36) -> 11 | K36: =SUM(C36*J36) -> 46.31
A37: 750 | B37: I Heart Sauvv Blanc | C37: 4.21 | D37: 4.95 | E37: 5.95 | F37: Bonet | G37: 6 | H37: 7 | J37: =SUM(G37:I37) -> 13 | K37: =SUM(C37*J37) -> 54.73
A38: 750 | B38: I Heart Chardonnay | C38: 4.21 | D38: 4.95 | E38: 5.95 | F38: Bonet | H38: 12 | J38: =SUM(G38:I38) -> 12 | K38: =SUM(C38*J38) -> 50.52
A39: 750 | B39: I Heart Rosado | C39: 4.21 | D39: 4.95 | E39: 5.95 | F39: Bonet | H39: 6 | J39: =SUM(G39:I39) -> 6 | K39: =SUM(C39*J39) -> 25.26
A40: 750 | B40: JamShed Chardonnay | C40: 6.2 | D40: 7.5 | E40: 7.5 | F40: Tunel | H40: 3 | J40: =SUM(G40:I40) -> 3 | K40: =SUM(C40*J40) -> 18.6
A41: 750 | B41: Lancers | C41: 3.7 | D41: 4.5 | E41: 4.95 | F41: Tunel | H41: 1 | J41: =SUM(G41:I41) -> 1 | K41: =SUM(C41*J41) -> 3.7
A42: 750 | B42: Macia Batle Red | C42: 6.21 | D42: 6.9 | E42: 7.9 | F42: Tunel | H42: 6 | J42: =SUM(G42:I42) -> 6 | K42: =SUM(C42*J42) -> 37.26
A43: 750 | B43: Macia Batle Rosado | C43: 6.21 | D43: 7 | E43: 7.9 | F43: Tunel | H43: 5 | I43: 6 | J43: =SUM(G43:I43) -> 11 | K43: =SUM(C43*J43) -> 68.31
A44: 750 | B44: Macia Batle White | C44: 10.23 | D44: 11.5 | E44: 11.9 | F44: Tunel | J44: =SUM(G44:I44) -> 0 | K44: =SUM(C44*J44) -> 0
A45: 750 | B45: Marques De Caceres Crianza | C45: 7.1 | D45: 8.5 | E45: 8.5 | F45: Tunel | H45: 2 | J45: =SUM(G45:I45) -> 2 | K45: =SUM(C45*J45) -> 14.2
A46: 750 | B46: Marques De Caceres Rosado | C46: 5.08 | D46: 5.95 | E46: 6.5 | F46: Tunel | H46: 3 | J46: =SUM(G46:I46) -> 3 | K46: =SUM(C46*J46) -> 15.24
A47: 750 | B47: Marques De Caceres White | C47: 5.08 | D47: 5.95 | E47: 6.5 | F47: Tunel | H47: 5 | J47: =SUM(G47:I47) -> 5 | K47: =SUM(C47*J47) -> 25.4
A48: 750 | B48: Martin Codax | C48: 10.23 | D48: 10.9 | E48: 11.95 | F48: Tunel | H48: 0 | J48: =SUM(G48:I48) -> 0 | K48: =SUM(C48*J48) -> 0
A49: 750 | B49: Mateus | C49: 4.42 | D49: 4.95 | E49: 4.95 | F49: Tunel | H49: 6 | J49: =SUM(G49:I49) -> 6 | K49: =SUM(C49*J49) -> 26.52
A50: 750 | B50: Sangre Del Toro | C50: 5.05 | D50: 5.95 | E50: 6.5 | F50: Tunel | H50: 1 | J50: =SUM(G50:I50) -> 1 | K50: =SUM(C50*J50) -> 5.05
A51: 1500 | B51: Sangria Don Simon Plastic | C51: 1.96 | D51: 2.5 | E51: 2.8 | F51: Tunel | H51: 4 | I51: 18 | J51: =SUM(G51:I51) -> 22 | K51: =SUM(C51*J51) -> 43.12
A52: 750 | B52: Sarria Verdejo | C52: 4.16 | D52: 4.95 | E52: 4.95 | F52: Sues | G52: 6 | H52: 4 | J52: =SUM(G52:I52) -> 10 | K52: =SUM(C52*J52) -> 41.6
A53: 750 | B53: Vina Sol | C53: 5.65 | D53: 6.5 | E53: 6.95 | F53: Tunel | H53: 3 | I53: 18 | J53: =SUM(G53:I53) -> 21 | K53: =SUM(C53*J53) -> 118.65
A54: 750 | B54: Whispering Angel | C54: 19.24 | D54: 22 | E54: 22 | F54: Tunel | H54: 1 | J54: =SUM(G54:I54) -> 1 | K54: =SUM(C54*J54) -> 19.24
B56: CAVAS
A58: 200 | B58: Biciclette Pesci | C58: 2.41 | D58: 2.95 | E58: 2.95 | F58: Tunel | H58: 3 | J58: =SUM(G58:I58) -> 3 | K58: =SUM(C58*J58) -> 7.23
A59: 200 | B59: Biciclette Pesci 3x200ml | C59: 7.24 | D59: 8 | E59: 8 | F59: Tunel | I59: 16 | J59: =SUM(G59:I59) -> 16 | K59: =SUM(C59*J59) -> 115.84
A60: 200 | B60: Canella | C60: 2.27 | D60: 2.95 | E60: 2.95 | F60: Tunel | H60: 17 | J60: =SUM(G60:I60) -> 17 | K60: =SUM(C60*J60) -> 38.59
A61: 200 | B61: Canella 24x200ml | C61: 6.81 | D61: 8 | E61: 8 | F61: Tunel | J61: =SUM(G61:I61) -> 0 | K61: =SUM(C61*J61) -> 0
A62: 200 | B62: Freixenet Cordon Negro Mini 3pk | C62: 7.36 | D62: 8 | E62: 8 | F62: Tunel | H62: 1 | I62: 16 | J62: =SUM(G62:I62) -> 17 | K62: =SUM(C62*J62) -> 125.12
A63: 200 | B63: Freixenet Italian Rose mini | C63: 2.78 | D63: 3 | E63: 3.5 | F63: Bonet | H63: 5 | J63: =SUM(G63:I63) -> 5 | K63: =SUM(C63*J63) -> 13.9
A64: 200 | B64: Freixenet Italian Rose mini 3x200ml | C64: 8.34 | D64: 8.95 | E64: 8.95 | F64: Bonet | J64: =SUM(G64:I64) -> 0 | K64: =SUM(C64*J64) -> 0
A65: 200 | B65: Freixenet mini Prosecco | C65: 2.78 | D65: 3 | E65: 3.5 | F65: Bonet | J65: =SUM(G65:I65) -> 0 | K65: =SUM(C65*J65) -> 0
A66: 200 | B66: Freixenet mini Prosecco 3x200ml | C66: 8.34 | D66: 9 | E66: 9 | F66: Bonet | I66: 8 | J66: =SUM(G66:I66) -> 8 | K66: =SUM(C66*J66) -> 66.72
A68: 750 | B68: Biciclette Pesci | C68: 6.35 | D68: 7.95 | E68: 7.95 | F68: Tunel | H68: 4 | I68: 9 | J68: =SUM(G68:I68) -> 13 | K68: =SUM(C68*J68) -> 82.55
A69: 750 | B69: Biciclette Pesci Rosado | C69: 6.71 | D69: 7.95 | E69: 7.95 | F69: Tunel | H69: 3 | J69: =SUM(G69:I69) -> 3 | K69: =SUM(C69*J69) -> 20.13
A70: 750 | B70: Freixenet 0% Rose | C70: 5.9 | D70: 6.5 | E70: 6.95 | F70: Bonet | H70: 2 | I70: 12 | J70: =SUM(G70:I70) -> 14 | K70: =SUM(C70*J70) -> 82.6
A71: 750 | B71: Freixenet 0% White | C71: 5.9 | D71: 6.5 | E71: 6.95 | F71: Bonet | H71: 4 | I71: 3 | J71: =SUM(G71:I71) -> 7 | K71: =SUM(C71*J71) -> 41.3
A72: 750 | B72: Freixenet Barocco | C72: 7.25 | D72: 8.5 | E72: 8.9 | F72: Bonet | H72: 4 | I72: 10 | J72: =SUM(G72:I72) -> 14 | K72: =SUM(C72*J72) -> 101.5
A73: 750 | B73: Freixenet Carta Nevada Brut | C73: 5.78 | D73: 6.5 | E73: 6.95 | F73: Bonet | H73: 4 | I73: 3 | J73: =SUM(G73:I73) -> 7 | K73: =SUM(C73*J73) -> 40.46
A74: 750 | B74: Freixenet Carta Nevada Semi | C74: 5.78 | D74: 6.5 | E74: 6.95 | F74: Bonet | H74: 4 | I74: 2 | J74: =SUM(G74:I74) -> 6 | K74: =SUM(C74*J74) -> 34.68
A75: 750 | B75: Freixenet Cordon Negro Brut | C75: 6.71 | D75: 7.5 | E75: 8 | F75: Bonet | H75: 4 | I75: 6 | J75: =SUM(G75:I75) -> 10 | K75: =SUM(C75*J75) -> 67.1
A76: 750 | B76: Freixenet Italian Rose | C76: 7.96 | D76: 8.9 | E76: 8.9 | F76: Bonet | H76: 4 | J76: =SUM(G76:I76) -> 4 | K76: =SUM(C76*J76) -> 31.84
A77: 750 | B77: Freixenet Prosecco | C77: 7.95 | D77: 8.9 | E77: 8.9 | F77: Bonet | H77: 3 | I77: 6 | J77: =SUM(G77:I77) -> 9 | K77: =SUM(C77*J77) -> 71.55
A78: 750 | B78: Freixenet Cava Rosado | C78: 6.95 | D78: 7.5 | E78: 7.5 | F78: Bonet | H78: 4 | J78: =SUM(G78:I78) -> 4 | K78: =SUM(C78*J78) -> 27.8
A79: 750 | B79: Cava Rigol | C79: 3.61 | D79: 3.95 | E79: 4.5 | F79: Bonet | G79: 3 | H79: 6 | J79: =SUM(G79:I79) -> 9 | K79: =SUM(C79*J79) -> 32.49
B82: CHAMPAGNE
A84: 700 | B84: Moet et Chandon Brut | C84: 41.12 | D84: 45 | E84: 45 | H84: 6 | J84: 7 | K84: =SUM(C84*J84) -> 287.84
A85: 750 | B85: Veuve Clicquot | C85: 50.5 | D85: 54 | E85: 54 | H85: 2 | J85: =SUM(G85:I85) -> 2 | K85: =SUM(C85*J85) -> 101
B86: Laurent Perrier Rose | C86: 71.78 | D86: 77 | E86: 79 | J86: =SUM(G86:I86) -> 0 | K86: =SUM(C86*J86) -> 0
A87: 750 | B87: Moet et Chandon Rose | C87: 54.2 | D87: 58 | E87: 60 | H87: 3 | J87: =SUM(G87:I87) -> 3 | K87: =SUM(C87*J87) -> 162.6

Sheet Spirits Less than 700ml
A1: Cap. (ml) | B1: 44 | C1: Buy 2025 | D1: Bar Price | E1: Shop Price | F1: Supplier | G1: Downstairs/Out back | H1: Shelves | I1: Storage Upstairs | J1: Quantity | K1: Value
K2: =SUM(K3:K107) -> 1181.66
B4: Plastic 500ml
A7: 500 | B7: After Red | C7: 0 | E7: 5.95 | F7: Don Mallorca | H7: 5 | J7: =SUM(G7:I7) -> 5 | K7: =SUM(C7*J7) -> 0
A8: 500 | B8: Frans Strawberry | C8: 0 | E8: 5.95 | F8: Don Mallorca | H8: 4
B11: Plastic 350ml
B13: Absenta Various | E13: 7.5 | F13: Tunel | J13: =SUM(G13:I13) -> 0 | K13: =SUM(C13*J13) -> 0
A14: 350 | B14: Nadaluxe | E14: 3.95 | F14: Tunel | J14: =SUM(G14:I14) -> 0 | K14: =SUM(C14*J14) -> 0
B15: Palmbridge | C15: 4.22 | E15: 4.95 | F15: Tunel | H15: 2 | J15: =SUM(G15:I15) -> 2 | K15: =SUM(C15*J15) -> 8.44
B16: Palmbridge Pink | C16: 4.71 | E16: 5.5 | F16: Tunel | J16: =SUM(G16:I16) -> 0 | K16: =SUM(C16*J16) -> 0
B17: Peach Schnapps | C17: 3.36 | E17: 4.95 | F17: Tunel | H17: 10 | J17: =SUM(G17:I17) -> 10 | K17: =SUM(C17*J17) -> 33.6
A18: 350 | B18: Ron Tobacco | C18: 4.48 | E18: 4.95 | F18: Tunel | H18: 4 | J18: =SUM(G18:I18) -> 4 | K18: =SUM(C18*J18) -> 17.92
A19: 350 | B19: Rushkinoff | C19: 4.36 | E19: 4.95 | F19: Tunel | H19: 13 | J19: =SUM(G19:I19) -> 13 | K19: =SUM(C19*J19) -> 56.68
A20: 350 | B20: Rushkinoff Caramel | C20: 3.9 | E20: 4.95 | F20: Tunel | H20: 9 | J20: =SUM(G20:I20) -> 9 | K20: =SUM(C20*J20) -> 35.1
A21: 350 | B21: Sambuca White | C21: 5.02 | E21: 5.95 | F21: Tunel | H21: 1 | J21: =SUM(G21:I21) -> 1 | K21: =SUM(C21*J21) -> 5.02
B22: Strawberry Schnapps | C22: 3.36 | E22: 3.95 | F22: Tunel | H22: 8 | J22: =SUM(G22:I22) -> 8 | K22: =SUM(C22*J22) -> 26.88
A23: 350 | B23: Tia Nadal | C23: 3.54 | E23: 3.95 | F23: Tunel | G23: 2 | J23: =SUM(G23:I23) -> 2 | K23: =SUM(C23*J23) -> 7.08
A24: 350 | B24: Zibao Mojito | C24: 3.67 | E24: 3.95 | F24: Tunel | H24: 1 | J24: =SUM(G24:I24) -> 1 | K24: =SUM(C24*J24) -> 3.67
A25: 350 | B25: Zibao Pina Colada | C25: 3.76 | E25: 3.95 | F25: Tunel | H25: 9 | J25: =SUM(G25:I25) -> 9 | K25: =SUM(C25*J25) -> 33.84
B27: Glass 350ml
A29: 350 | B29: Buckfast | C29: 4.42 | E29: 5.5 | F29: Tunel | H29: 19 | J29: =SUM(G29:I29) -> 19 | K29: =SUM(C29*J29) -> 83.98
A30: 350 | B30: Smirnoff | C30: 6.22 | E30: 7.5 | F30: Guy in Van | G30: 13 | H30: 6 | J30: =SUM(G30:I30) -> 19 | K30: =SUM(C30*J30) -> 118.18
A31: 350 | B31: Southern Comfort | C31: 8.68 | E31: 9.95 | F31: Tunel | H31: 1 | J31: =SUM(G31:I31) -> 1 | K31: =SUM(C31*J31) -> 8.68
B33: Glass
A36: 200 | B36: Absinthe Bewitched 89.9% | C36: 6 | E36: 7.95 | F36: Don Mallorca | H36: 25 | J36: =SUM(G36:I36) -> 25 | K36: =SUM(C36*J36) -> 150
A37: 200 | B37: Angustura Bitter | C37: 10.43 | D37: 11.9 | E37: 11.9 | F37: Tunel | H37: 4 | J37: =SUM(G37:I37) -> 4 | K37: =SUM(C37*J37) -> 41.72
A38: 200 | B38: Bacardi | C38: 5.4 | E38: 5.95 | F38: Tunel | H38: 8 | J38: =SUM(G38:I38) -> 8 | K38: =SUM(C38*J38) -> 43.2
B39: Bells | C39: 3.81 | E39: 4.95 | F39: Tunel | J39: =SUM(G39:I39) -> 0 | K39: =SUM(C39*J39) -> 0
A40: 200 | B40: Captain Morgan | C40: 5.09 | E40: 5.95 | F40: Tunel | J40: =SUM(G40:I40) -> 0 | K40: =SUM(C40*J40) -> 0
B41: Famous Grouse | C41: 4.5 | F41: Guy in Van | G41: 12 | H41: 17 | J41: =SUM(G41:I41) -> 29 | K41: =SUM(C41*J41) -> 130.5
B42: Gordons Gin | C42: 5.09 | E42: 5.95 | F42: Tunel | H42: 4 | J42: =SUM(G42:I42) -> 4 | K42: =SUM(C42*J42) -> 20.36
B43: Grey Goose | E43: 11.9 | F43: Tunel | J43: =SUM(G43:I43) -> 0 | K43: =SUM(C43*J43) -> 0
B44: Hierbas Dulces | C44: 3.94 | E44: 4.5 | F44: Tunel | H44: 10 | J44: =SUM(G44:I44) -> 10 | K44: =SUM(C44*J44) -> 39.4
B45: Hierbas Mix | C45: 4.49 | E45: 5.5 | F45: Tunel | H45: 11 | J45: =SUM(G45:I45) -> 11 | K45: =SUM(C45*J45) -> 49.39
B46: Hierbas Secas | C46: 5.08 | E46: 6.5 | F46: Tunel | H46: 5 | J46: =SUM(G46:I46) -> 5 | K46: =SUM(C46*J46) -> 25.4
B47: J&B | E47: 4.95 | F47: Tunel | J47: =SUM(G47:I47) -> 0 | K47: =SUM(C47*J47) -> 0
A48: 350 | B48: Jack daniels | C48: 13.32 | E48: 14.95 | F48: Tunel | H48: 3 | J48: =SUM(G48:I48) -> 3 | K48: =SUM(C48*J48) -> 39.96
B49: Jager | C49: 4.77 | E49: 5.95 | F49: Tunel | H49: 8 | J49: =SUM(G49:I49) -> 8 | K49: =SUM(C49*J49) -> 38.16
B50: Smirnoff | C50: 3.5 | E50: 4.5 | F50: Guy in Van | G50: 41 | H50: 6 | J50: =SUM(G50:I50) -> 47 | K50: =SUM(C50*J50) -> 164.5

Sheet Plastic Litre or More
A1: Cap. (ml) | B1: Item | C1: Buy Price 2025 | D1: Bar Price | E1: Shop Price | F1: Supplier | G1: Downstairs/Out back | H1: Shelves | I1: Storage Upstairs | J1: Quantity | K1: Value
K2: =SUM(K3:K95) -> 1177.02
B3: Plastic Litres
A5: 1L | B5: 103 | C5: 12.39 | E5: 13.95 | F5: Tunel | H5: 0 | J5: =SUM(G5:I5) -> 0 | K5: =SUM(C5*J5) -> 0
A6: 1L | B6: After Blue | C6: 10.76 | D6: 13.95 | E6: 14.95 | F6: Don Mallorca | G6: 6 | H6: 2 | J6: =SUM(G6:I6) -> 8 | K6: =SUM(C6*J6) -> 86.08
B7: After Red | C7: 10.76 | D7: 13.95 | E7: 14.95 | F7: Don Mallorca | G7: 6 | H7: 6 | J7: =SUM(G7:I7) -> 12 | K7: =SUM(C7*J7) -> 129.12
A8: 1L | B8: Cherry Brandy | C8: 6.71 | D8: 7.95 | E8: 7.95 | F8: Tunel | H8: 4 | J8: =SUM(G8:I8) -> 4 | K8: =SUM(C8*J8) -> 26.84
A9: 1L | B9: Famous Grouse | C9: 14.43 | E9: 16.95 | F9: Tunel | H9: 2 | J9: =SUM(G9:I9) -> 2 | K9: =SUM(C9*J9) -> 28.86
A10: 1L | B10: Gordons | C10: 14.47 | E10: 15.95 | F10: Tunel | J10: =SUM(G10:I10) -> 0 | K10: =SUM(C10*J10) -> 0
A11: 1L | B11: Jerikoff Blue | C11: 8.5 | E11: 8.95 | F11: Don Mallorca | G11: 5 | H11: 3 | J11: =SUM(G11:I11) -> 8 | K11: =SUM(C11*J11) -> 68
A12: 1L | B12: Jet Boom Red | C12: 12.7 | E12: 14.95 | F12: Tunel | J12: =SUM(G12:I12) -> 0 | K12: =SUM(C12*J12) -> 0
A13: 1L | B13: Larios | C13: 12.45 | E13: 13.95 | F13: Tunel | H13: 3 | J13: =SUM(G13:I13) -> 3 | K13: =SUM(C13*J13) -> 37.35
A14: 1L | B14: Nadaluxe | C14: 7.07 | E14: 8.95 | F14: Tunel | H14: 6 | J14: =SUM(G14:I14) -> 6 | K14: =SUM(C14*J14) -> 42.42
A15: 1L | B15: Palmbridge | C15: 7.67 | E15: 9.95 | F15: Tunel | J15: =SUM(G15:I15) -> 0 | K15: =SUM(C15*J15) -> 0
A16: 1L | B16: Palmbridge Pink | C16: 9.35 | E16: 10.95 | F16: Tunel | G16: 9 | H16: 5 | J16: =SUM(G16:I16) -> 14 | K16: =SUM(C16*J16) -> 130.9
A17: 1L | B17: Peach Schnapps | C17: 5.13 | E17: 6.95 | F17: Tunel | G17: 1 | H17: 5 | J17: =SUM(G17:I17) -> 6 | K17: =SUM(C17*J17) -> 30.78
A18: 1L | B18: Ron Miel Tobacco | C18: 7.03 | E18: 8.5 | F18: Tunel | H18: 11 | J18: =SUM(G18:I18) -> 11 | K18: =SUM(C18*J18) -> 77.33
A19: 1L | B19: Rushkinoff | C19: 7.67 | E19: 9.95 | F19: Tunel | H19: 12 | J19: =SUM(G19:I19) -> 12 | K19: =SUM(C19*J19) -> 92.04
B20: Rushkinoff Caramel | C20: 7.75 | E20: 9.95 | F20: Tunel | H20: 9 | J20: =SUM(G20:I20) -> 9 | K20: =SUM(C20*J20) -> 69.75
A21: 1L | B21: Sambuca | C21: 10.35 | E21: 12.95 | F21: Tunel | H21: 3 | J21: =SUM(G21:I21) -> 3 | K21: =SUM(C21*J21) -> 31.05
A22: 1L | B22: Soberano | C22: 9.77 | E22: 11.5 | F22: Tunel | H22: 9 | J22: =SUM(G22:I22) -> 9 | K22: =SUM(C22*J22) -> 87.93
A23: 1L | B23: Tia Nadal | C23: 7.21 | E23: 8.95 | F23: Tunel | H23: 7 | J23: =SUM(G23:I23) -> 7 | K23: =SUM(C23*J23) -> 50.47
A24: 1L | B24: Tobacco | C24: 7.67 | E24: 9.95 | F24: Tunel | J24: =SUM(G24:I24) -> 0 | K24: =SUM(C24*J24) -> 0
A25: 1L | B25: Triple Sec | C25: 7.53 | E25: 9.95 | F25: Tunel | H25: 4 | J25: =SUM(G25:I25) -> 4 | K25: =SUM(C25*J25) -> 30.12
A26: 1L | B26: Tunel Cinnamon Boom | C26: 11.95 | D26: 12.95 | E26: 13.95 | F26: Tunel | H26: 1 | J26: =SUM(G26:I26) -> 1 | K26: =SUM(C26*J26) -> 11.95
B30: 3L Plastics
B33: Hierbas Secas 3L | C33: 24.96 | D33: 27.5 | E33: 27.9 | F33: Tunel | G33: 4 | H33: 1 | J33: =SUM(G33:I33) -> 5 | K33: =SUM(C33*J33) -> 124.8
B34: Hierbas Mix 3L | C34: 23.51 | D34: 25.9 | E34: 25.9 | F34: Tunel | H34: 0 | J34: =SUM(G34:I34) -> 0 | K34: =SUM(C34*J34) -> 0
B35: Hierbas Dulce 3L | C35: 21.23 | D35: 23.9 | E35: 24.9 | F35: Tunel | H35: 1 | J35: =SUM(G35:I35) -> 1 | K35: =SUM(C35*J35) -> 21.23
B36: Banana Liquer 3L | C36: 17.47 | D36: 19.5 | E36: 20 | F36: Tunel | J36: =SUM(G36:I36) -> 0 | K36: =SUM(C36*J36) -> 0
B37: Triple Sec 3L | C37: 19.78 | D37: 22 | E37: 23 | F37: Tunel | J37: =SUM(G37:I37) -> 0 | K37: =SUM(C37*J37) -> 0
B38: Limoncello Ferrone 3L | C38: 17.78 | D38: 18.95 | E38: 18.9 | F38: Tunel | J38: =SUM(G38:I38) -> 0 | K38: =SUM(C38*J38) -> 0
B39: Caiman Love 3L Plastic | C39: 15.06 | D39: 16.95 | E39: 19.5 | F39: Tunel | J39: =SUM(G39:I39) -> 0 | K39: =SUM(C39*J39) -> 0

Sheet Miniatures
A1: Cap. (ml) | B1: Item | C1: Buy 2025 | D1: Bar Price | E1: Shop Price | F1: Downstairs/Out back | G1: Shelves | H1: Storage Upstairs | I1: Quantity | J1: Value
J2: =SUM(J3:J105) -> 115.01
B4: Single Bottles
A6: 40 | B6: Absenta | C6: 1.27 | D6: 2.5 | E6: 2.5 | G6: 19 | I6: =SUM(F6:H6) -> 19 | J6: =SUM(C6*I6) -> 24.13
A7: 50 | B7: Absolut Blue | C7: 1.44 | D7: 2.5 | E7: 2.5 | I7: =SUM(F7:H7) -> 0 | J7: =SUM(C7*I7) -> 0
A8: 50 | B8: Absolut Mandarin | C8: 1.52 | D8: 2.5 | E8: 2.5 | I8: =SUM(F8:H8) -> 0 | J8: =SUM(C8*I8) -> 0
A9: 50 | B9: Absolut Peach | C9: 1.44 | D9: 2.5 | E9: 2.5 | I9: =SUM(F9:H9) -> 0 | J9: =SUM(C9*I9) -> 0
A10: 50 | B10: Absolut Pear | C10: 1.44 | D10: 2.5 | E10: 2.5 | I10: =SUM(F10:H10) -> 0 | J10: =SUM(C10*I10) -> 0
A11: 50 | B11: Absolut Raspberry | C11: 1.52 | D11: 2.5 | E11: 2.5 | G11: 12 | I11: =SUM(F11:H11) -> 12 | J11: =SUM(C11*I11) -> 18.24
A12: 50 | B12: Absolut Vanilla | C12: 1.44 | D12: 2.5 | E12: 2.5 | G12: 7 | I12: =SUM(F12:H12) -> 7 | J12: =SUM(C12*I12) -> 10.08
A13: 40 | B13: Asbach | D13: 2.5 | E13: 2.5 | I13: =SUM(F13:H13) -> 0 | J13: =SUM(C13*I13) -> 0
A14: 50 | B14: Bacardi | D14: 2 | E14: 2 | G14: 15 | I14: =SUM(F14:H14) -> 15 | J14: =SUM(C14*I14) -> 0
A15: 50 | B15: Bombay Sapphire | D15: 2.5 | E15: 2.5 | G15: 6 | I15: =SUM(F15:H15) -> 6 | J15: =SUM(C15*I15) -> 0
A16: 50 | B16: Brugal | D16: 2.5 | E16: 2.5 | G16: 1 | I16: =SUM(F16:H16) -> 1 | J16: =SUM(C16*I16) -> 0
A17: 50 | B17: Courvoisier | C17: 2.55 | D17: 4 | E17: 4 | I17: =SUM(F17:H17) -> 0 | J17: =SUM(C17*I17) -> 0
A18: 50 | B18: Famous Grouse | D18: 2 | E18: 2 | G18: 6 | I18: =SUM(F18:H18) -> 6 | J18: =SUM(C18*I18) -> 0
A19: 50 | B19: Gordons | C19: 1.22 | D19: 2.5 | E19: 2.5 | G19: 4 | I19: =SUM(F19:H19) -> 4 | J19: =SUM(C19*I19) -> 4.88
A20: 50 | B20: Jack Daniels | D20: 2.5 | E20: 2.5 | I20: =SUM(F20:H20) -> 0 | J20: =SUM(C20*I20) -> 0
A21: 40 | B21: Jagermeister | C21: 1.34 | D21: 2.5 | E21: 2.5 | G21: 2 | I21: =SUM(F21:H21) -> 2 | J21: =SUM(C21*I21) -> 2.68
A22: 50 | B22: Jameson | C22: 1.41 | D22: 2.5 | E22: 2.5 | G22: 1 | I22: =SUM(F22:H22) -> 1 | J22: =SUM(C22*I22) -> 1.41
A23: 50 | B23: Johnnie Walker Black Label | C23: 2.01 | D23: 3 | E23: 3 | I23: =SUM(F23:H23) -> 0 | J23: =SUM(C23*I23) -> 0
A24: 50 | B24: Johnnie Walker Red Label | C24: 1.45 | D24: 2.5 | E24: 2.5 | G24: 5 | I24: =SUM(F24:H24) -> 5 | J24: =SUM(C24*I24) -> 7.25
A25: 40 | B25: Kraken | G25: 30 | I25: =SUM(F25:H25) -> 30 | J25: =SUM(C25*I25) -> 0
A26: 50 | B26: Larios | G26: 7 | I26: =SUM(F26:H26) -> 7 | J26: =SUM(C26*I26) -> 0
A27: 50 | B27: Larios Rose | C27: 1.45 | D27: 2.5 | E27: 2.5 | I27: =SUM(F27:H27) -> 0 | J27: =SUM(C27*I27) -> 0
A28: 40 | B28: Malibu | G28: 5 | I28: =SUM(F28:H28) -> 5 | J28: =SUM(C28*I28) -> 0
A29: 50 | B29: Russian Standard | C29: 1.24 | D29: 2.5 | E29: 2.5 | I29: =SUM(F29:H29) -> 0 | J29: =SUM(C29*I29) -> 0
A30: 50 | B30: Smirnoff | D30: 2 | E30: 2 | G30: 10 | I30: =SUM(F30:H30) -> 10 | J30: =SUM(C30*I30) -> 0
A31: 50 | B31: Southern Comfort | D31: 2.5 | E31: 2.5 | G31: 4 | I31: =SUM(F31:H31) -> 4 | J31: =SUM(C31*I31) -> 0
A32: 20 | B32: Underberg | D32: 1.5 | E32: 1.5 | G32: 12 | I32: =SUM(F32:H32) -> 12 | J32: =SUM(C32*I32) -> 0
A33: 20 | B33: Underberg 3 pk | D33: 4 | E33: 4 | G33: 10 | I33: =SUM(F33:H33) -> 10 | J33: =SUM(C33*I33) -> 0
B36: Packs
A38: 40 | B38: Bag 10 | C38: 8.89 | D38: 12 | E38: 12 | I38: =SUM(F38:H38) -> 0 | J38: =SUM(C38*I38) -> 0
A39: 40 | B39: Bag 7 | C39: 7.31 | D39: 10 | E39: 10 | I39: =SUM(F39:H39) -> 0 | J39: =SUM(C39*I39) -> 0
A40: 40 | B40: Bag 5 | C40: 5.49 | D40: 7.5 | E40: 7.5 | G40: 1 | I40: =SUM(F40:H40) -> 1 | J40: =SUM(C40*I40) -> 5.49
I41: =SUM(F41:H41) -> 0 | J41: =SUM(C41*I41) -> 0
B42: 3 Pack Hierbas | C42: 4.39 | E42: 5.95 | G42: 3 | I42: =SUM(F42:H42) -> 3 | J42: =SUM(C42*I42) -> 13.17
B43: 6 Pack Blue | C43: 5.85 | E43: 7.95 | I43: =SUM(F43:H43) -> 0 | J43: =SUM(C43*I43) -> 0
B44: 5 Pack Barman | C44: 4.65 | E44: 5.95 | G44: 5 | I44: =SUM(F44:H44) -> 5 | J44: =SUM(C44*I44) -> 23.25
B45: 6 Pack Miniatures | C45: 4.43 | E45: 6.5 | G45: 1 | I45: =SUM(F45:H45) -> 1 | J45: =SUM(C45*I45) -> 4.43
B46: 5 pack cool shot | G46: 6 | I46: =SUM(F46:H46) -> 6 | J46: =SUM(C46*I46) -> 0
B47: 5 pack Absolut | G47: 1 | I47: =SUM(F47:H47) -> 1 | J47: =SUM(C47*I47) -> 0

Sheet Beers
A1: Cap. (ml) | B1: Item | C1: Buy 2025 | D1: Bar Price | E1: Shop Price | F1: Supplier | G1: Downstairs/Out back | H1: Shelves | I1: Storage Upstairs | J1: Quantity | K1: Value
K2: =SUM(K3:K102) -> 1695.56
B3: Beers
A6: 330 | B6: Birra Moretti Bottle 330ml | C6: 1.11 | D6: 1.4 | E6: 1.5 | F6: TransMallorca | H6: 5 | J6: =SUM(G6:I6) -> 5 | K6: =SUM(C6*J6) -> 5.55
A7: 330 | B7: Birra Moretti Bottle Case 24x330ml | C7: 26.62 | D7: 30 | E7: 33 | F7: TransMallorca | I7: 1 | J7: =SUM(G7:I7) -> 1 | K7: =SUM(C7*J7) -> 26.62
A9: 330 | B9: Budweiser Bottle Case 24x330ml | C9: 21.47 | D9: 26 | E9: 26 | F9: Voldis / Tunel / HG | I9: 3 | J9: =SUM(G9:I9) -> 3 | K9: =SUM(C9*J9) -> 64.41
A10: 330 | B10: Budweiser Bottle 330ml | C10: 0.89 | D10: 1.4 | E10: 1.5 | F10: Voldis / Tunel / HG | J10: =SUM(G10:I10) -> 0 | K10: =SUM(C10*J10) -> 0
A11: 330 | B11: Budweiser Can 330ml | C11: 0.65 | D11: 0.85 | E11: 0.95 | F11: Voldis | J11: =SUM(G11:I11) -> 0 | K11: =SUM(C11*J11) -> 0
A12: 330 | B12: Budweiser Can Case 24x330ml | C12: 16.02 | D12: 20 | E12: 20 | F12: Voldis | I12: 5 | J12: =SUM(G12:I12) -> 5 | K12: =SUM(C12*J12) -> 80.1
A14: 500 | B14: Carling Can 500ml | C14: 30.2 | D14: 33 | E14: 35 | F14: Tindale | J14: =SUM(G14:I14) -> 0 | K14: =SUM(C14*J14) -> 0
A15: 500 | B15: Carling Can Case 24x500ml | C15: 1.26 | D15: 1.5 | E15: 1.6 | F15: Tindale | J15: =SUM(G15:I15) -> 0 | K15: =SUM(C15*J15) -> 0
A17: 330 | B17: Carlsberg Bottle 330ml | D17: 1.5 | E17: 1.5 | F17: Comabe | J17: =SUM(G17:I17) -> 0 | K17: =SUM(C17*J17) -> 0
A18: 330 | B18: Carlsberg Bottle Case 24x330ml | C18: 24.91 | D18: 27 | E18: 30 | F18: Comabe | I18: 1 | J18: =SUM(G18:I18) -> 1 | K18: =SUM(C18*J18) -> 24.91
A21: 330 | B21: Coors Light Bottle Case 24x33cl | C21: 22.63 | D21: 26 | E21: 28 | F21: Tunel / Comabe | I21: 7 | J21: =SUM(G21:I21) -> 7 | K21: =SUM(C21*J21) -> 158.41
A22: 330 | B22: Coors Light Bottle 33cl | C22: 0.83 | D22: 1.25 | E22: 1.5 | F22: Tunel / Comabe | J22: =SUM(G22:I22) -> 0 | K22: =SUM(C22*J22) -> 0
A23: 330 | B23: Coors Light Bottle 6x33cl | E23: 7.95 | F23: Tunel / Comabe | J23: =SUM(G23:I23) -> 0 | K23: =SUM(C23*J23) -> 0
A24: 500 | B24: Coors Light Can 500ml | C24: 1.59 | D24: 1.8 | E24: 1.95 | F24: Voldis / Tindale | J24: =SUM(G24:I24) -> 0 | K24: =SUM(C24*J24) -> 0
A25: 500 | B25: Coors Light Can 24x500ml | C25: 38.33 | D25: 42 | E25: 44 | F25: Voldis / Tindale | J25: =SUM(G25:I25) -> 0 | K25: =SUM(C25*J25) -> 0
A27: 350 | B27: Corona Bottle Case 24x35cl | C27: 21.28 | D27: 27 | E27: 30 | F27: Voldis / Tunel / HG | I27: 5 | J27: =SUM(G27:I27) -> 5 | K27: =SUM(C27*J27) -> 106.4
A28: 350 | B28: Corona Bottle 35cl | C28: 0.88 | D28: 1.4 | E28: 1.5 | F28: Voldis / Tunel / HG | J28: =SUM(G28:I28) -> 0 | K28: =SUM(C28*J28) -> 0
A29: 350 | B29: Corona Bottle 6x35cl | C29: 5.31 | D29: 7.5 | E29: 7.95 | F29: Voldis / Tunel / HG | J29: =SUM(G29:I29) -> 0 | K29: =SUM(C29*J29) -> 0
A30: 330 | B30: Corona LATA 33cl | C30: 0.7 | D30: 0.85 | E30: 0.95 | F30: Voldis | J30: =SUM(G30:I30) -> 0 | K30: =SUM(C30*J30) -> 0
A31: 330 | B31: Corona LATA 6x33cl | C31: 4.2 | D31: 5.5 | E31: 5.5 | F31: Voldis | J31: =SUM(G31:I31) -> 0 | K31: =SUM(C31*J31) -> 0
A32: 330 | B32: Corona LATA 24x33cl | C32: 15.53 | D32: 20 | E32: 20 | F32: Voldis | J32: =SUM(G32:I32) -> 0 | K32: =SUM(C32*J32) -> 0
A34: 330 | B34: Cruzcampo Can 33cl | C34: 0.42 | D34: 0.65 | E34: 0.7 | F34: TransMallorca | J34: =SUM(G34:I34) -> 0 | K34: =SUM(C34*J34) -> 0
A35: 330 | B35: Cruzcampo Can Case 24x33cl | C35: 12.35 | D35: 14 | E35: 16 | F35: TransMallorca | I35: 3 | J35: =SUM(G35:I35) -> 3 | K35: =SUM(C35*J35) -> 37.05
A36: 330 | B36: Cruzcampo Shandy Can 33cl | C36: 0.5 | D36: 0.75 | E36: 0.75 | F36: TransMallorca | J36: =SUM(G36:I36) -> 0 | K36: =SUM(C36*J36) -> 0
A37: 330 | B37: Cruzcampo Shandy Can Case 24x33cl | C37: 11.9 | D37: 13 | E37: 13 | F37: TransMallorca | I37: 2 | J37: =SUM(G37:I37) -> 2 | K37: =SUM(C37*J37) -> 23.8
A39: 330 | B39: Desperados Bottle Case 24x33cl | C39: 23 | D39: 29 | E39: 30 | F39: TransMallorca | I39: 2 | J39: =SUM(G39:I39) -> 2 | K39: =SUM(C39*J39) -> 46
A40: 330 | B40: Desprados Bottle 33cl | C40: 0.96 | D40: 1.4 | E40: 1.5 | F40: TransMallorca | J40: =SUM(G40:I40) -> 0 | K40: =SUM(C40*J40) -> 0
A41: 330 | B41: Desprados Bottle 6 x33cl | C41: 5.75 | D41: 7.5 | E41: 7.95 | F41: TransMallorca | J41: =SUM(G41:I41) -> 0 | K41: =SUM(C41*J41) -> 0
A42: 500 | B42: Desperados Can 500ml | C42: 1.24 | D42: 1.5 | E42: 1.6 | F42: TransMallorca | J42: =SUM(G42:I42) -> 0 | K42: =SUM(C42*J42) -> 0
A43: 500 | B43: Desperados Can Case 24x500ml | C43: 29.85 | D43: 34 | E43: 36 | F43: TransMallorca | I43: 2 | J43: =SUM(G43:I43) -> 2 | K43: =SUM(C43*J43) -> 59.7
A46: 500 | B46: Erdinger 500ml Bottle | C46: 1.73 | D46: 1.95 | E46: 2 | F46: Tunel | J46: =SUM(G46:I46) -> 0 | K46: =SUM(C46*J46) -> 0
A47: 500 | B47: Erdinger Case 12 x 500ml Bottle | C47: 20.81 | D47: 22.5 | E47: 24 | F47: Tunel | J47: =SUM(G47:I47) -> 0 | K47: =SUM(C47*J47) -> 0
A50: 330 | B50: Estrella Damm Can 330ml | C50: 0.73 | D50: 0.9 | E50: 0.9 | F50: Comabe | J50: =SUM(G50:I50) -> 0 | K50: =SUM(C50*J50) -> 0
A51: 330 | B51: Estrella Damm Can Case 24x330ml | C51: 17.32 | D51: 18.5 | E51: 20 | F51: Comabe | I51: 0 | J51: =SUM(G51:I51) -> 0 | K51: =SUM(C51*J51) -> 0
A52: 500 | B52: Estrella Damm Can 500ml | C52: 1.12 | D52: 1.3 | E52: 1.4 | F52: Comabe | J52: =SUM(G52:I52) -> 0 | K52: =SUM(C52*J52) -> 0
A53: 500 | B53: Estrella Damm Can Case 24x500ml | C53: 27 | D53: 30 | E53: 32 | F53: Comabe | I53: 3 | J53: =SUM(G53:I53) -> 3 | K53: =SUM(C53*J53) -> 81
A54: 330 | B54: Estrella Damm Bottle 330ml | C54: 1.04 | D54: 1.4 | E54: 1.5 | F54: Comabe | J54: =SUM(G54:I54) -> 0 | K54: =SUM(C54*J54) -> 0
A55: 330 | B55: Estrella Damm Bottle 24x330ml | C55: 25.16 | D55: 27.5 | E55: 29.5 | F55: Comabe | I55: 3 | J55: =SUM(G55:I55) -> 3 | K55: =SUM(C55*J55) -> 75.48
A56: 330 | B56: Estrella Daura Gluten Free Bottle 330ml | C56: 1.12 | D56: 1.4 | E56: 1.5 | F56: Comabe | I56: 12 | J56: =SUM(G56:I56) -> 12 | K56: =SUM(C56*J56) -> 13.44
A57: 330 | B57: Estrella Damm Gluten Freee 24x330ml | C57: 26.8 | D57: 30 | E57: 32 | F57: Comabe | J57: =SUM(G57:I57) -> 0 | K57: =SUM(C57*J57) -> 0
A60: 500 | B60: Estrella Galicia Can 500ml | C60: 1.11 | D60: 1.3 | E60: 1.3 | F60: Tunel | J60: =SUM(G60:I60) -> 0 | K60: =SUM(C60*J60) -> 0
A61: 500 | B61: Estrella Galicia Can Case 24x500ml | C61: 26.64 | D61: 30 | E61: 32 | F61: Tunel | J61: =SUM(G61:I61) -> 0 | K61: =SUM(C61*J61) -> 0
A62: 330 | B62: Estrella Galicia Can 330ml | C62: 0.71 | D62: 0.9 | E62: 0.95 | F62: Tunel | J62: =SUM(G62:I62) -> 0 | K62: =SUM(C62*J62) -> 0
A63: 330 | B63: Estrella Galicia case 24x330ml can | C63: 17.08 | D63: 19 | E63: 20 | F63: Tunel | I63: 2 | J63: =SUM(G63:I63) -> 2 | K63: =SUM(C63*J63) -> 34.16
A64: 330 | B64: Estrella Galicia 6x330ml bottle | C64: 6.66 | D64: 7.5 | E64: 7.5 | F64: Tunel | J64: =SUM(G64:I64) -> 0 | K64: =SUM(C64*J64) -> 0
A65: 330 | B65: Estrella Galicia 330ml bottle | C65: 1.1 | D65: 1.25 | E65: 1.5 | F65: Tunel | J65: =SUM(G65:I65) -> 0 | K65: =SUM(C65*J65) -> 0
A66: 330 | B66: Estrella Galicia case 24x330ml bottle | C66: 26.51 | D66: 28.5 | E66: 30 | F66: Tunel | I66: 5 | J66: =SUM(G66:I66) -> 5 | K66: =SUM(C66*J66) -> 132.55
A68: 250 | B68: Damn Free 24x250ml Bottle | C68: 11.82 | D68: 14.5 | E68: 15 | F68: GM | I68: 0 | J68: =SUM(G68:I68) -> 0 | K68: =SUM(C68*J68) -> 0
A69: 250 | B69: Damn Free 6x250ml Bottle | C69: 2.88 | D69: 3.75 | E69: 3.75 | F69: GM | J69: =SUM(G69:I69) -> 0 | K69: =SUM(C69*J69) -> 0
A70: 330 | B70: Damn Free 24x330ml Can | C70: 14.4 | D70: 16.5 | E70: 17 | F70: GM | I70: 2 | J70: =SUM(G70:I70) -> 2 | K70: =SUM(C70*J70) -> 28.8
A71: 330 | B71: Damn Free 330ml Can | C71: 0.6 | D71: 0.7 | E71: 0.75 | F71: GM | J71: =SUM(G71:I71) -> 0 | K71: =SUM(C71*J71) -> 0
A74: 440 | B74: Guinness Can 440 | C74: 1.28 | D74: 1.75 | E74: 1.95 | F74: TransMallorca | J74: =SUM(G74:I74) -> 0 | K74: =SUM(C74*J74) -> 0
A75: 440 | B75: Guinness Can Case 24x440 | C75: 30.85 | D75: 37 | E75: 38 | F75: TransMallorca | I75: 4 | J75: =SUM(G75:I75) -> 4 | K75: =SUM(C75*J75) -> 123.4
A76: 440 | B76: Guinness Zero Can 440 | C76: 1.7 | D76: 1.95 | E76: 1.95 | F76: Tindale | J76: =SUM(G76:I76) -> 0 | K76: =SUM(C76*J76) -> 0
A77: 440 | B77: Guinness Zero Can Case 24x440 | C77: 40.65 | D77: 44 | E77: 44 | F77: Tindale | J77: =SUM(G77:I77) -> 0 | K77: =SUM(C77*J77) -> 0
A79: 330 | B79: Heineken Bottle 330ml | C79: 0.91 | D79: 1.3 | E79: 1.5 | F79: TransMallorca | J79: =SUM(G79:I79) -> 0 | K79: =SUM(C79*J79) -> 0
A80: 330 | B80: Heineken Bottle Case 24x330ml | C80: 21.75 | D80: 25 | E80: 26 | F80: TransMallorca | I80: 6 | J80: =SUM(G80:I80) -> 6 | K80: =SUM(C80*J80) -> 130.5
A81: 330 | B81: Heineken Can 330ml | C81: 0.58 | D81: 0.8 | E81: 0.95 | F81: TransMallorca | J81: =SUM(G81:I81) -> 0 | K81: =SUM(C81*J81) -> 0
A82: 330 | B82: Heineken Can Case 24x330ml | C82: 14.07 | D82: 18 | E82: 19 | F82: TransMallorca | I82: 2 | J82: =SUM(G82:I82) -> 2 | K82: =SUM(C82*J82) -> 28.14
A83: 330 | B83: Heineken Can 24x330ml Pack 12 | C83: 7.03 | D83: 9 | E83: 9 | F83: TransMallorca | J83: =SUM(G83:I83) -> 0 | K83: =SUM(C83*J83) -> 0
A84: 500 | B84: Heineken Can 500ml | C84: 0.76 | D84: 1.1 | E84: 1.3 | F84: Tunel | J84: =SUM(G84:I84) -> 0 | K84: =SUM(C84*J84) -> 0
A85: 500 | B85: Heineken Can Case 24x500ml | C85: 18.15 | D85: 25 | E85: 25 | F85: Tunel | I85: 0 | J85: =SUM(G85:I85) -> 0 | K85: =SUM(C85*J85) -> 0
A86: 330 | B86: Heineken 0% Can 330ml | C86: 0.68 | D86: 0.9 | E86: 0.9 | F86: TransMallorca | J86: =SUM(G86:I86) -> 0 | K86: =SUM(C86*J86) -> 0
A87: 330 | B87: Heineken 0% Can Pack 12x330ml | C87: 8.2 | D87: 10 | E87: 10.5 | F87: TransMallorca | J87: =SUM(G87:I87) -> 0 | K87: =SUM(C87*J87) -> 0
A88: 330 | B88: Heineken 0% Can Case 24 x 330ml | C88: 16.39 | D88: 20 | E88: 21 | F88: TransMallorca | J88: =SUM(G88:I88) -> 0 | K88: =SUM(C88*J88) -> 0
A90: 500 | B90: John Smiths Can | C90: 1.22 | D90: 1.5 | E90: 1.6 | F90: TransMallorca | J90: =SUM(G90:I90) -> 0 | K90: =SUM(C90*J90) -> 0
A91: 500 | B91: John Smiths Can Case 24x50cl | C91: 29.28 | D91: 33.5 | E91: 37 | F91: TransMallorca | I91: 6 | J91: =SUM(G91:I91) -> 6 | K91: =SUM(C91*J91) -> 175.68
A93: 1L | B93: Mahou Litre | C93: 1.4 | D93: 1.7 | E93: 1.8 | F93: Voldis | J93: =SUM(G93:I93) -> 0 | K93: =SUM(C93*J93) -> 0
A94: 330 | B94: Mahou 5 Star Can 330ml | C94: 0.53 | D94: 0.75 | E94: 0.85 | F94: Voldis | J94: =SUM(G94:I94) -> 0 | K94: =SUM(C94*J94) -> 0
A95: 330 | B95: Mahou 5 Star Can 330ml Case 24 | C95: 12.73 | D95: 15 | E95: 17 | F95: Voldis | I95: 6 | J95: =SUM(G95:I95) -> 6 | K95: =SUM(C95*J95) -> 76.38
A96: 330 | B96: Mahou 5 Star Can 330ml Pack 12 | C96: 6.36 | D96: 8.5 | E96: 8.5 | F96: Voldis | J96: =SUM(G96:I96) -> 0 | K96: =SUM(C96*J96) -> 0
A97: 500 | B97: Mahou 5 Star Can 500ml | C97: 0.86 | D97: 1.3 | E97: 1.3 | F97: Voldis | J97: =SUM(G97:I97) -> 0 | K97: =SUM(C97*J97) -> 0
A98: 500 | B98: Mahou 5 Star Can 500ml Case 24 | C98: 20.73 | D98: 24 | E98: 25 | F98: Voldis | I98: 1
A99: 330 | B99: Mahou 5 Star 24x330ml Bottle | C99: 27.18 | D99: 29 | E99: 32 | F99: Voldis | I99: 6 | J99: =SUM(G99:I99) -> 6 | K99: =SUM(C99*J99) -> 163.08
A100: 330 | B100: Mahou 5 Star Bottle 330ml | C100: 1.13 | D100: 1.4 | E100: 1.5 | F100: Voldis | J100: =SUM(G100:I100) -> 0 | K100: =SUM(C100*J100) -> 0
A101: 330 | B101: Mahou Classic Can 330ml | C101: 0.51 | D101: 0.7 | E101: 0.7 | F101: Voldis | J101: =SUM(G101:I101) -> 0 | K101: =SUM(C101*J101) -> 0
A102: 330 | B102: Mahou Classic Can 330ml Pack 12 | C102: 5.93 | D102: 8 | E102: 8 | F102: Voldis | J102: =SUM(G102:I102) -> 0 | K102: =SUM(C102*J102) -> 0
A103: 330 | B103: Mahou Classic Can 330ml Case 24 | C103: 12.22 | D103: 14.5 | E103: 15 | F103: Voldis | I103: 5 | J103: =SUM(G103:I103) -> 5 | K103: =SUM(C103*J103) -> 61.1
A104: 500 | B104: Mahou Classic Can 500ml | C104: 0.74 | D104: 0.9 | E104: 0.9 | F104: Voldis | J104: =SUM(G104:I104) -> 0 | K104: =SUM(C104*J104) -> 0
A105: 500 | B105: Mahou Classic Can 500ml Case 24 | C105: 17.78 | D105: 20 | E105: 22 | F105: Voldis | I105: 6 | J105: =SUM(G105:I105) -> 6 | K105: =SUM(C105*J105) -> 106.68
A106: 330 | B106: Mahou Tostado 0% Can 330ml | C106: 0.63 | D106: 0.85 | E106: 0.85 | F106: Voldis | J106: =SUM(G106:I106) -> 0 | K106: =SUM(C106*J106) -> 0
A109: 330 | B109: Miller 24x33cl Bottle | D109: 30 | E109: 32 | F109: Comabe | I109: 0 | J109: =SUM(G109:I109) -> 0 | K109: =SUM(C109*J109) -> 0
A110: 330 | B110: Miller 33cl Bottle | D110: 1.4 | E110: 1.5 | F110: Comabe | J110: =SUM(G110:I110) -> 0 | K110: =SUM(C110*J110) -> 0
A112: 330 | B112: Perroni Nastro Azzuri Bottle Case 24x33cl | C112: 27.15 | D112: 30 | E112: 33 | F112: Comabe | I112: 0 | J112: =SUM(G112:I112) -> 0 | K112: =SUM(C112*J112) -> 0
A113: 330 | B113: Perroni Nastro Azzuri Bottle 6 x 33cl | D113: 7.5 | E113: 7.5 | F113: Comabe | J113: =SUM(G113:I113) -> 0 | K113: =SUM(C113*J113) -> 0
A114: 330 | B114: Perroni Nastro Azzuri Bottle 33cl | D114: 1.25 | E114: 1.5 | F114: Comabe | J114: =SUM(G114:I114) -> 0 | K114: =SUM(C114*J114) -> 0
A117: 33 | B117: San Miguel Radler Can Case 24 | C117: 14.64 | D117: 18 | E117: 20 | F117: Voldis | J117: =SUM(G117:I117) -> 0 | K117: =SUM(C117*J117) -> 0
A118: 33 | B118: San Miguel Radler 330ml Can | C118: 0.61 | D118: 0.8 | E118: 0.9 | F118: Voldis | J118: =SUM(G118:I118) -> 0 | K118: =SUM(C118*J118) -> 0
A119: 330 | B119: San Miguel Bottle Case Pack 24x33cl | C119: 18.2 | D119: 21 | E119: 22 | F119: Voldis | I119: 11 | J119: =SUM(G119:I119) -> 11 | K119: =SUM(C119*J119) -> 200.2
A120: 330 | B120: San Miguel Bottle Pack 4x33cl | C120: 3.03 | D120: 3.75 | E120: 3.95 | F120: Voldis | J120: =SUM(G120:I120) -> 0 | K120: =SUM(C120*J120) -> 0
A121: 330 | B121: San Miguel Bottle 33cl | C121: 0.79 | D121: 1.5 | E121: 1.5 | F121: Voldis | J121: =SUM(G121:I121) -> 0 | K121: =SUM(C121*J121) -> 0
A122: 250 | B122: San Miguel Bottle Case 25clx24 | D122: 13 | E122: 13 | F122: Voldis | J122: =SUM(G122:I122) -> 0 | K122: =SUM(C122*J122) -> 0
A123: 250 | B123: San Miguel Bottle Pack 25clx12 | F123: Voldis | J123: =SUM(G123:I123) -> 0 | K123: =SUM(C123*J123) -> 0
A124: 250 | B124: San Miguel Bottle Pack 25clx6 | D124: 3.5 | E124: 3.5 | F124: Voldis | J124: =SUM(G124:I124) -> 0 | K124: =SUM(C124*J124) -> 0
A125: 330 | B125: San Miguel Can 33cl | C125: 0.53 | D125: 0.7 | E125: 0.7 | F125: Voldis | J125: =SUM(G125:I125) -> 0 | K125: =SUM(C125*J125) -> 0
A126: 330 | B126: San Miguel Pack 12x33cl Can | C126: 6.4 | D126: 8 | E126: 8 | F126: Voldis | J126: =SUM(G126:I126) -> 0 | K126: =SUM(C126*J126) -> 0
A127: 330 | B127: San Miguel Case 24x33cl Can | C127: 12.86 | D127: 15 | E127: 16 | F127: Voldis | I127: 10 | J127: =SUM(G127:I127) -> 10 | K127: =SUM(C127*J127) -> 128.6
...

Sheet Ciders
A1: Cap. (ml) | B1: Item | C1: Buy 2025 | D1: Bar Price | E1: Shop Price | F1: Supplier | G1: Downstairs/Out back | H1: Shelves | I1: Storage Upstairs | J1: Quantity | K1: Value
K2: =SUM(K3:K103) -> 1022.06
B3: CIDERS
A6: 500 | B6: Koppaberg Can Pear | C6: 1.65 | D6: 1.95 | E6: 2.25 | F6: Tunel | J6: =SUM(G6:I6) -> 0 | K6: =SUM(C6*J6) -> 0
A7: 500 | B7: Koppaberg Can Pear Case 24 | C7: 39.56 | D7: 44.5 | E7: 46 | F7: Tunel | J7: =SUM(G7:I7) -> 0 | K7: =SUM(C7*J7) -> 0
A8: 500 | B8: Koppaberg Can Strawberry Lime | C8: 1.65 | D8: 1.95 | E8: 2.25 | F8: Tunel | J8: =SUM(G8:I8) -> 0 | K8: =SUM(C8*J8) -> 0
A9: 500 | B9: Koppaberg Can Strawberry Lime Case 24 | C9: 39.56 | D9: 44.5 | E9: 46 | F9: Tunel | I9: 7 | J9: =SUM(G9:I9) -> 7 | K9: =SUM(C9*J9) -> 276.92
A10: 500 | B10: Koppaberg Can Mix Fruit Tropical | C10: 1.65 | D10: 1.95 | E10: 2.25 | F10: Tunel | J10: =SUM(G10:I10) -> 0 | K10: =SUM(C10*J10) -> 0
A11: 500 | B11: Koppaberg Can Mix Fruit Tropical | C11: 39.56 | D11: 44.5 | E11: 46 | F11: Tunel | J11: =SUM(G11:I11) -> 0 | K11: =SUM(C11*J11) -> 0
A12: 500 | B12: Koppaberg Can Mix Fruit | C12: 1.65 | D12: 1.95 | E12: 2.25 | F12: Tunel | J12: =SUM(G12:I12) -> 0 | K12: =SUM(C12*J12) -> 0
A13: 500 | B13: Koppaberg Can Mix Fruit Case 24 | C13: 39.56 | D13: 44.5 | E13: 46 | F13: Tunel | I13: 6 | J13: =SUM(G13:I13) -> 6 | K13: =SUM(C13*J13) -> 237.36
A14: 330 | B14: Koppaberg Can Strawberry Lime 0% Alc | C14: 1.38 | D14: 1.7 | E14: 1.85 | F14: Tunel | J14: =SUM(G14:I14) -> 0 | K14: =SUM(C14*J14) -> 0
A15: 330 | B15: Koppaberg Can Strawberry Lime Pack 12 0% Alc | C15: 16.56 | D15: 18.75 | E15: 20 | F15: Tunel | J15: =SUM(G15:I15) -> 0 | K15: =SUM(C15*J15) -> 0
A18: 330 | B18: Magners Bottle 33cl | C18: 1.41 | D18: 1.75 | E18: 1.75 | F18: Tunel / Comabe | J18: =SUM(G18:I18) -> 0 | K18: =SUM(C18*J18) -> 0
A19: 330 | B19: Magners Bottle Case 33clx24 | C19: 33.8 | D19: 37.5 | E19: 39 | F19: Tunel / Comabe | I19: 5 | J19: =SUM(G19:I19) -> 5 | K19: =SUM(C19*J19) -> 169
A20: 568 | B20: Magners Bottle 568ml | C20: 1.96 | D20: 2.5 | E20: 2.5 | F20: Tunel / Comabe | J20: =SUM(G20:I20) -> 0 | K20: =SUM(C20*J20) -> 0
A21: 568 | B21: Magners Bottle Case 568mlx12 | C21: 23.52 | D21: 27 | E21: 30 | F21: Tunel / Comabe | I21: 6 | J21: =SUM(G21:I21) -> 6 | K21: =SUM(C21*J21) -> 141.12
A22: 500 | B22: Magners Can 500ml | C22: 1.401 | D22: 1.9 | E22: 1.95 | F22: Tunel / Comabe | J22: =SUM(G22:I22) -> 0 | K22: =SUM(C22*J22) -> 0
A23: 500 | B23: Magners Can Case 500mlx24 | C23: 33.63 | D23: 38 | E23: 42 | F23: Tunel / Comabe | I23: 1 | J23: =SUM(G23:I23) -> 1 | K23: =SUM(C23*J23) -> 33.63
J24: =SUM(G24:I24) -> 0 | K24: =SUM(C24*J24) -> 0
A25: 330 | B25: Orchard thieves 330ml Can | C25: 1.13 | D25: 1.4 | E25: 1.6 | F25: GM | J25: =SUM(G25:I25) -> 0 | K25: =SUM(C25*J25) -> 0
A26: 330 | B26: Orchard thieves 24x330ml Can | C26: 27.12 | D26: 30 | E26: 33 | F26: GM | J26: =SUM(G26:I26) -> 0 | K26: =SUM(C26*J26) -> 0
J27: =SUM(G27:I27) -> 0 | K27: =SUM(C27*J27) -> 0
J28: =SUM(G28:I28) -> 0 | K28: =SUM(C28*J28) -> 0
A29: 500 | B29: Rekordelig Can Passion Fruit | C29: 1.4 | D29: 1.7 | E29: 1.9 | F29: Voldis / Comabe | J29: =SUM(G29:I29) -> 0 | K29: =SUM(C29*J29) -> 0
A30: 500 | B30: Rekordelig Can Passion Fruit Case 24 | C30: 33.51 | D30: 38 | E30: 40 | F30: Voldis / Comabe | J30: =SUM(G30:I30) -> 0 | K30: =SUM(C30*J30) -> 0
A31: 500 | B31: Rekordelig Can Strawberry Lime | C31: 1.4 | D31: 1.7 | E31: 1.9 | F31: Voldis / Comabe | J31: =SUM(G31:I31) -> 0 | K31: =SUM(C31*J31) -> 0
A32: 500 | B32: Rekordelig Can Strawberry Lime Case 24 | C32: 33.51 | D32: 38 | E32: 40 | F32: Voldis / Comabe | G32: 2 | J32: =SUM(G32:I32) -> 2 | K32: =SUM(C32*J32) -> 67.02
A33: 500 | B33: Rekordelig Can Wild Berry | C33: 1.4 | D33: 1.7 | E33: 1.9 | F33: Voldis / Comabe | J33: =SUM(G33:I33) -> 0 | K33: =SUM(C33*J33) -> 0
A34: 500 | B34: Rekordelig Can Wild Berry Case 24 | C34: 33.51 | D34: 38 | E34: 40 | F34: Voldis / Comabe | J34: =SUM(G34:I34) -> 0 | K34: =SUM(C34*J34) -> 0
A35: 500 | B35: Rekordelig Can Mango & Raspberry | C35: 1.4 | D35: 1.7 | E35: 1.9 | F35: Voldis / Comabe | J35: =SUM(G35:I35) -> 0 | K35: =SUM(C35*J35) -> 0
A36: 500 | B36: Rekordelig Can Mango & Raspberry Case 24 | C36: 33.51 | D36: 38 | E36: 40 | F36: Voldis / Comabe | J36: =SUM(G36:I36) -> 0 | K36: =SUM(C36*J36) -> 0
A38: 500 | B38: Strongbow Can | C38: 1.17 | D38: 1.5 | E38: 1.6 | F38: TransMallorca / Tunel | J38: =SUM(G38:I38) -> 0 | K38: =SUM(C38*J38) -> 0
A39: 500 | B39: Strongbow Can Case 24 | C39: 28.08 | D39: 32 | E39: 34 | F39: TransMallorca / Tunel | I39: 2 | J39: =SUM(G39:I39) -> 2 | K39: =SUM(C39*J39) -> 56.16
A41: 500 | B41: Thatchers Can | C41: 1.7 | D41: 1.95 | E41: 2.25 | F41: Tunel | J41: =SUM(G41:I41) -> 0 | K41: =SUM(C41*J41) -> 0
A42: 500 | B42: Thatchers Can Case 24 | C42: 40.85 | D42: 45 | E42: 48 | F42: Tunel | I42: 1 | J42: =SUM(G42:I42) -> 1 | K42: =SUM(C42*J42) -> 40.85

Sheet Alco Pops
A1: Cap. (ml) | B1: Item | C1: Buy 2025 | D1: Bar Price | E1: Shop Price | F1: Supplier | G1: Downstairs/Out back | H1: Shelves | I1: Storage Upstairs | J1: Quantity | K1: Value
K2: =SUM(K3:K103) -> 917.97
B3: Alco-Pops
A5: 275 | B5: Smirnoff Ice Case 24 | C5: 31.15 | D5: 38 | E5: 40 | F5: Tunel | I5: 3 | J5: =SUM(G5:I5) -> 3 | K5: =SUM(C5*J5) -> 93.45
A6: 275 | B6: Smirnoff Ice Bottle | C6: 1.3 | D6: 1.85 | E6: 1.95 | F6: Tunel | J6: =SUM(G6:I6) -> 0 | K6: =SUM(C6*J6) -> 0
A7: 700 | B7: Smirnoff Ice Bottle | C7: 3.37 | D7: 4.95 | E7: 4.95 | F7: Tunel | I7: . | J7: =SUM(G7:I7) -> 0 | K7: =SUM(C7*J7) -> 0
A8: 700 | B8: Smirnoff Ice Bottle 700ml x 6 | C8: 20.26 | D8: 29 | E8: 29 | F8: Tunel | J8: =SUM(G8:I8) -> 0 | K8: =SUM(C8*J8) -> 0
A10: 275 | B10: WKD Blue Case 24 | C10: 30.4 | D10: 33 | E10: 38 | F10: Tunel | I10: 5 | J10: =SUM(G10:I10) -> 5 | K10: =SUM(C10*J10) -> 152
A11: 275 | B11: WKD Blue Bottle | C11: 1.26 | D11: 1.5 | E11: 1.95 | F11: Tunel | J11: =SUM(G11:I11) -> 0 | K11: =SUM(C11*J11) -> 0
A12: 700 | B12: WKD Blue Bottle | C12: 4.02 | D12: 4.95 | E12: 4.95 | F12: Tunel | J12: =SUM(G12:I12) -> 0 | K12: =SUM(C12*J12) -> 0
A13: 700 | B13: WKD Blue Bottle 700ml x 6 | C13: 24.12 | D13: 29 | E13: 29 | F13: Tunel | I13: 2 | J13: =SUM(G13:I13) -> 2 | K13: =SUM(C13*J13) -> 48.24
A15: 275 | B15: Bacardi Breezer Orange Case 24 | C15: 38.23 | D15: 43.5 | E15: 48 | F15: Tunel | I15: 6 | J15: =SUM(G15:I15) -> 6 | K15: =SUM(C15*J15) -> 229.38
A16: 275 | B16: Bacardi Breezer Orange Bottle | C16: 1.59 | D16: 1.95 | E16: 2.25 | F16: Tunel | J16: =SUM(G16:I16) -> 0 | K16: =SUM(C16*J16) -> 0
A17: 275 | B17: Bacardi Breezer Watermelon Case 24 | C17: 38.23 | D17: 43.5 | E17: 48 | F17: Tunel | I17: 5 | J17: =SUM(G17:I17) -> 5 | K17: =SUM(C17*J17) -> 191.15
A18: 275 | B18: Bacardi Breezer Watermelon Bottle | C18: 1.59 | D18: 1.95 | E18: 2.25 | F18: Tunel | J18: =SUM(G18:I18) -> 0 | K18: =SUM(C18*J18) -> 0
A19: 275 | B19: Bacardi Breezer Lime Case 24 | C19: 40.75 | D19: 45 | E19: 48 | F19: Tunel | I19: 5 | J19: =SUM(G19:I19) -> 5 | K19: =SUM(C19*J19) -> 203.75
A20: 275 | B20: Bacardi Breezer Lime Bottle | C20: 1.7 | D20: 1.95 | E20: 2.25 | F20: Tunel | J20: =SUM(G20:I20) -> 0 | K20: =SUM(C20*J20) -> 0
A21: 275 | B21: Bacardi Breezer Passion Fruit & Mango Case 12 | C21: 22 | D21: 24 | E21: 24 | F21: Tunel | J21: =SUM(G21:I21) -> 0 | K21: =SUM(C21*J21) -> 0
A22: 275 | B22: Bacardi Breezer Passion Fruit & Mango Bottle | C22: 1.83 | D22: 2 | E22: 2.25 | F22: Tunel | J22: =SUM(G22:I22) -> 0 | K22: =SUM(C22*J22) -> 0
B24: White Claw Hard Seltzer | C24: 1.81 | D24: 2.8 | E24: 2.8 | F24: Tunel | J24: =SUM(G24:I24) -> 0 | K24: =SUM(C24*J24) -> 0
J41: =SUM(G41:I41) -> 0 | K41: =SUM(C41*J41) -> 0
J42: =SUM(G42:I42) -> 0 | K42: =SUM(C42*J42) -> 0
J43: =SUM(G43:I43) -> 0 | K43: =SUM(C43*J43) -> 0
J44: =SUM(G44:I44) -> 0 | K44: =SUM(C44*J44) -> 0
J45: =SUM(G45:I45) -> 0 | K45: =SUM(C45*J45) -> 0
J46: =SUM(G46:I46) -> 0 | K46: =SUM(C46*J46) -> 0
J47: =SUM(G47:I47) -> 0 | K47: =SUM(C47*J47) -> 0

Sheet Soft Drinks & Mixers
A1: Cap. (ml) | B1: Item | C1: Buy 2025 | D1: Bar Price | E1: Shop Price | F1: Supplier | G1: Downstairs/Out back | H1: Shelves | I1: Storage Upstairs | J1: Quantity | K1: Value
K2: =SUM(K3:K92) -> 1390.06
B4: Cokes & Fantas
J5: =SUM(G5:I5) -> 0 | K5: =SUM(C5*J5) -> 0
A6: 2L | B6: Coke 2L | C6: 1.81 | D6: 2 | E6: 2.4 | F6: Coke | J6: =SUM(G6:I6) -> 0 | K6: =SUM(C6*J6) -> 0
A7: 330 | B7: Coke Can | C7: 0.76 | D7: 0.9 | E7: 1 | F7: Coke / HG | J7: =SUM(G7:I7) -> 0 | K7: =SUM(C7*J7) -> 0
A8: 330 | B8: Coke Can Case 24 | C8: 18.23 | D8: 19.95 | E8: 19.95 | F8: Coke / HG | I8: 11 | J8: =SUM(G8:I8) -> 11 | K8: =SUM(C8*J8) -> 200.53
A9: 500 | B9: Coke 500ml Bottle | D9: 1.3 | E9: 1.4 | F9: Coke | J9: =SUM(G9:I9) -> 0 | K9: =SUM(C9*J9) -> 0
A10: 2L | B10: Coke Light 2L | C10: 1.81 | D10: 2 | E10: 2.4 | F10: Coke | J10: =SUM(G10:I10) -> 0 | K10: =SUM(C10*J10) -> 0
A11: 330 | B11: Coke Light Can | C11: 0.76 | D11: 0.9 | E11: 1 | F11: Coke / HG | J11: =SUM(G11:I11) -> 0 | K11: =SUM(C11*J11) -> 0
A12: 330 | B12: Coke Light Can Case 24 | C12: 18.23 | D12: 19.95 | E12: 19.95 | F12: Coke / HG | I12: 5 | J12: =SUM(G12:I12) -> 5 | K12: =SUM(C12*J12) -> 91.15
A13: 330 | B13: Coke Zero Can | C13: 0.76 | D13: 0.9 | E13: 1 | F13: Coke / HG | J13: =SUM(G13:I13) -> 0 | K13: =SUM(C13*J13) -> 0
A14: 330 | B14: Coke Zero Can Case 24 | C14: 18.23 | D14: 19.95 | E14: 19.95 | F14: Coke / HG | I14: 9 | J14: =SUM(G14:I14) -> 9 | K14: =SUM(C14*J14) -> 164.07
A15: 2L | B15: Fanta Lemon 2L | C15: 1.55 | D15: 1.95 | E15: 2.4 | F15: Coke | J15: =SUM(G15:I15) -> 0 | K15: =SUM(C15*J15) -> 0
A16: 330 | B16: Fanta Lemon Zero Can | C16: 0.73 | D16: 0.9 | E16: 1 | F16: Coke | J16: =SUM(G16:I16) -> 0 | K16: =SUM(C16*J16) -> 0
A17: 330 | B17: Fanta Lemon Zero Can Case 24 | C17: 17.37 | D17: 18.95 | E17: 19.95 | F17: Coke | I17: 1 | J17: =SUM(G17:I17) -> 1 | K17: =SUM(C17*J17) -> 17.37
A18: 330 | B18: Fanta Lemon Can | C18: 0.73 | D18: 0.9 | E18: 1 | F18: Coke / HG | J18: =SUM(G18:I18) -> 0 | K18: =SUM(C18*J18) -> 0
A19: 330 | B19: Fanta Lemon Can Case 24 | C19: 17.37 | D19: 18.95 | E19: 19.95 | F19: Coke / HG | I19: 6 | J19: =SUM(G19:I19) -> 6 | K19: =SUM(C19*J19) -> 104.22
A20: 2L | B20: Fanta Orange 2L | C20: 1.55 | D20: 1.95 | E20: 2.4 | F20: Coke | J20: =SUM(G20:I20) -> 0 | K20: =SUM(C20*J20) -> 0
A21: 330 | B21: Fanta Orange Zero Can | C21: 0.73 | D21: 0.9 | E21: 1 | F21: Coke | J21: =SUM(G21:I21) -> 0 | K21: =SUM(C21*J21) -> 0
A22: 330 | B22: Fanta Orange Zero Can Case 24 | C22: 17.37 | D22: 18.95 | E22: 19.95 | F22: Coke | I22: 0 | J22: =SUM(G22:I22) -> 0 | K22: =SUM(C22*J22) -> 0
A23: 330 | B23: Fanta Orange Can | C23: 0.73 | D23: 0.9 | E23: 1 | F23: Coke / HG | J23: =SUM(G23:I23) -> 0 | K23: =SUM(C23*J23) -> 0
A24: 330 | B24: Fanta Orange Can Case 24 | C24: 17.37 | D24: 18.95 | E24: 19.95 | F24: Coke / HG | I24: 5 | J24: =SUM(G24:I24) -> 5 | K24: =SUM(C24*J24) -> 86.85
A25: 330 | B25: Nestea Case 24 | C25: 16.84 | D25: 20 | E25: 22 | F25: Comabe | I25: 2 | J25: =SUM(G25:I25) -> 2 | K25: =SUM(C25*J25) -> 33.68
A26: 330 | B26: Nestea Can | C26: 0.7 | D26: 0.9 | E26: 0.9 | F26: Comabe | J26: =SUM(G26:I26) -> 0 | K26: =SUM(C26*J26) -> 0
A27: 2L | B27: Sprite 2L | C27: 1.77 | D27: 2 | E27: 2.4 | F27: Coke | J27: =SUM(G27:I27) -> 0 | K27: =SUM(C27*J27) -> 0
A28: 330 | B28: Sprite Can | C28: 0.73 | D28: 0.9 | E28: 1 | F28: Coke / HG | J28: =SUM(G28:I28) -> 0 | K28: =SUM(C28*J28) -> 0
A29: 330 | B29: Sprite Can Case 24 | C29: 17.37 | D29: 18.95 | E29: 19.95 | F29: Coke / HG | I29: 7 | J29: =SUM(G29:I29) -> 7 | K29: =SUM(C29*J29) -> 121.59
A30: 330 | B30: Sprite Zero Can | C30: 0.73 | D30: 0.9 | E30: 1 | F30: Coke | J30: =SUM(G30:I30) -> 0 | K30: =SUM(C30*J30) -> 0
A31: 330 | B31: Sprite Zero Can Case 24 | C31: 17.37 | D31: 18.95 | E31: 19.95 | F31: Coke | I31: 3 | J31: =SUM(G31:I31) -> 3 | K31: =SUM(C31*J31) -> 52.11
B33: Irn Bru
A35: 330 | B35: Irn Bru Can | C35: 0.71 | D35: 0.9 | E35: 0.95 | F35: Interbalear | J35: =SUM(G35:I35) -> 0 | K35: =SUM(C35*J35) -> 0
A36: 330 | B36: Irn Bru Can Case 24 | C36: 17.04 | D36: 19.95 | E36: 21 | F36: Interbalear | I36: 3 | J36: =SUM(G36:I36) -> 3 | K36: =SUM(C36*J36) -> 51.12
A37: 330 | B37: Irn Bru Diet Can | C37: 0.71 | D37: 0.9 | E37: 0.95 | F37: Interbalear | J37: =SUM(G37:I37) -> 0 | K37: =SUM(C37*J37) -> 0
A38: 330 | B38: Irn Bru Diet Can Case 24 | C38: 17.04 | D38: 19.95 | E38: 21 | F38: Interbalear | I38: 1 | J38: =SUM(G38:I38) -> 1 | K38: =SUM(C38*J38) -> 17.04
B40: Tonics/Soda etc.
B42: Fevertree Tonic 24x250ml CAN | C42: 17.9 | D42: 21 | E42: 22 | F42: Comabe | J42: =SUM(G42:I42) -> 0 | K42: =SUM(C42*J42) -> 0
B43: Fevertree Tonic 250ml CAN | C43: 0.75 | D43: 0.9 | E43: 0.95 | F43: Comabe | J43: =SUM(G43:I43) -> 0 | K43: =SUM(C43*J43) -> 0
B44: Fevertree Tonic 24x200 | C44: 23.95 | D44: 29 | E44: 30 | F44: Comabe | I44: 5 | J44: =SUM(G44:I44) -> 5 | K44: =SUM(C44*J44) -> 119.75
B45: Fevertree Tonic 4x200 | C45: 4 | D45: 5 | E45: 5 | F45: Comabe | J45: =SUM(G45:I45) -> 0 | K45: =SUM(C45*J45) -> 0
B46: Fevertree Tonic Light 24x200 | C46: 25.41 | D46: 30 | E46: 32 | F46: Comabe | I46: 2 | J46: =SUM(G46:I46) -> 2 | K46: =SUM(C46*J46) -> 50.82
B47: Fevertree Tonic Light 4x200 | C47: 4.23 | D47: 5.5 | E47: 5.5 | F47: Comabe | J47: =SUM(G47:I47) -> 0 | K47: =SUM(C47*J47) -> 0
B48: Fevertree Sicillian Lemonade 24x200 | C48: 24.68 | D48: 30 | E48: 32 | F48: Comabe | J48: =SUM(G48:I48) -> 0 | K48: =SUM(C48*J48) -> 0
B49: Fevertree Sicillian Lemonade 4x200 | C49: 4.11 | D49: 5.5 | E49: 5.5 | F49: Comabe | J49: =SUM(G49:I49) -> 0 | K49: =SUM(C49*J49) -> 0
B50: Fevertree Mediterranean Tonic 24x200 | C50: 25.41 | D50: 30 | E50: 32 | F50: Comabe | J50: =SUM(G50:I50) -> 0 | K50: =SUM(C50*J50) -> 0
B51: Fevertree Mediterranean Tonic 4x200 | C51: 4.23 | D51: 5.5 | E51: 5.5 | F51: Comabe | J51: =SUM(G51:I51) -> 0 | K51: =SUM(C51*J51) -> 0
B52: Fevertree Elderflower Tonic 24x200 | C52: 25.41 | D52: 30 | E52: 32 | F52: Comabe | J52: =SUM(G52:I52) -> 0 | K52: =SUM(C52*J52) -> 0
B53: Fevertree Elderflower Tonic 4x200 | C53: 4.23 | D53: 5.5 | E53: 5.5 | F53: Comabe | J53: =SUM(G53:I53) -> 0 | K53: =SUM(C53*J53) -> 0
B54: Fevertree Ginger Ale 24x200 | C54: 24.68 | D54: 30 | E54: 32 | F54: Comabe | I54: 0 | J54: =SUM(G54:I54) -> 0 | K54: =SUM(C54*J54) -> 0
B55: Fevertree Ginger Ale 4x200 | C55: 4.11 | D55: 5.5 | E55: 5.5 | F55: Comabe | J55: =SUM(G55:I55) -> 0 | K55: =SUM(C55*J55) -> 0
B56: Fevertree Ginger Beer 24x200 | C56: 24.68 | D56: 30 | E56: 32 | F56: Comabe | J56: =SUM(G56:I56) -> 0 | K56: =SUM(C56*J56) -> 0
B57: Fevertree Ginger Beer 4x200 | C57: 4.11 | D57: 5.5 | E57: 5.5 | F57: Comabe | J57: =SUM(G57:I57) -> 0 | K57: =SUM(C57*J57) -> 0
B58: Fevertree Pink Grapefruit 24x200 | C58: 24.38 | D58: 30 | E58: 32 | F58: Comabe | J58: =SUM(G58:I58) -> 0 | K58: =SUM(C58*J58) -> 0
B59: Fevertree Pink Grapefruit 4x200 | C59: 4.06 | D59: 5.5 | E59: 5.5 | F59: Comabe | J59: =SUM(G59:I59) -> 0 | K59: =SUM(C59*J59) -> 0
B60: Fevertree Soda 24x200 | C60: 22.27 | D60: 28 | E60: 30 | F60: Comabe | I60: 0 | J60: =SUM(G60:I60) -> 0 | K60: =SUM(C60*J60) -> 0
B61: Fevertree Soda 4x200 | C61: 3.71 | D61: 5.5 | E61: 5.5 | F61: Comabe | J61: =SUM(G61:I61) -> 0 | K61: =SUM(C61*J61) -> 0
A66: 200 | B66: Schweppes Tonic Case 24 x 200 bottles | C66: 22.15 | D66: 24 | E66: 25 | F66: Bonet / Voldis | I66: 4 | J66: =SUM(G66:I66) -> 4 | K66: =SUM(C66*J66) -> 88.6
A67: 1L | B67: Schweppes Tonic Litre | C67: 1.57 | D67: 1.95 | E67: 1.95 | F67: Voldis | J67: =SUM(G67:I67) -> 0 | K67: =SUM(C67*J67) -> 0
A68: 330 | B68: Schweppes Tonic Cans | C68: 0.7 | D68: 0.9 | E68: 0.95 | F68: Voldis | J68: =SUM(G68:I68) -> 0 | K68: =SUM(C68*J68) -> 0
A69: 330 | B69: Schweppes Tonic Cans Case 24 | C69: 16.72 | D69: 20 | E69: 21 | F69: Voldis | I69: 1 | J69: =SUM(G69:I69) -> 1 | K69: =SUM(C69*J69) -> 16.72
A70: 250 | B70: Schweppes Tonic Light 6Pk | C70: 4.14 | D70: 6 | E70: 6 | F70: Bonet / Voldis | J70: =SUM(G70:I70) -> 0 | K70: =SUM(C70*J70) -> 0
A71: 250 | B71: Schweppes Tonic Light 4Pk Case 24 | C71: 16.55 | D71: 22 | E71: 22 | F71: Bonet / Voldis | J71: =SUM(G71:I71) -> 0 | K71: =SUM(C71*J71) -> 0
A72: 330 | B72: Schweppes Tonic Light Cans | C72: 0.7 | D72: 0.9 | E72: 0.95 | F72: Voldis | J72: =SUM(G72:I72) -> 0 | K72: =SUM(C72*J72) -> 0
A73: 330 | B73: Schweppes Tonic Light Cans Case 24 | C73: 16.72 | D73: 20 | E73: 21 | F73: Voldis | J73: =SUM(G73:I73) -> 0 | K73: =SUM(C73*J73) -> 0
A74: 200 | B74: Schweppes Tonic Light Case 24 x200ml | C74: 20.12 | D74: 23.5 | E74: 24 | F74: Bonet / Voldis | J74: =SUM(G74:I74) -> 0 | K74: =SUM(C74*J74) -> 0
A75: 1L | B75: Schweppes Tonic Light Litre | C75: 1.57 | D75: 1.95 | E75: 1.95 | F75: Voldis | I75: 6 | J75: =SUM(G75:I75) -> 6 | K75: =SUM(C75*J75) -> 9.42
A76: 200 | B76: Schweppes Soda 6Pk | C76: 4.67 | D76: 6 | E76: 6 | F76: Bonet / Voldis | J76: =SUM(G76:I76) -> 0 | K76: =SUM(C76*J76) -> 0
A77: 200 | B77: Schweppes Soda 6Pk Case 24 | C77: 19.82 | D77: 23.5 | E77: 24 | F77: Bonet / Voldis | I77: 3 | J77: =SUM(G77:I77) -> 3 | K77: =SUM(C77*J77) -> 59.46
A78: 1L | B78: Schweppes Soda Litre | C78: 1.57 | D78: 1.95 | E78: 1.95 | F78: Voldis | J78: =SUM(G78:I78) -> 0 | K78: =SUM(C78*J78) -> 0
A79: 200 | B79: Schweppes Ginger 6Pk | C79: 4.9 | D79: 6 | E79: 6 | F79: Bonet / Voldis | J79: =SUM(G79:I79) -> 0 | K79: =SUM(C79*J79) -> 0
A80: 200 | B80: Schweppes Ginger 4Pk Case 24 | C80: 19.68 | D80: 23.5 | E80: 24 | F80: Bonet / Voldis | I80: 2 | J80: =SUM(G80:I80) -> 2 | K80: =SUM(C80*J80) -> 39.36
A81: 1L | B81: Schweppes Ginger Litre | C81: 1.57 | D81: 1.95 | E81: 1.95 | F81: Voldis | J81: =SUM(G81:I81) -> 0 | K81: =SUM(C81*J81) -> 0
B84: Juices & Cordials
A86: 1.5L | B86: Juicee Orange | C86: 2.84 | D86: 3.5 | E86: 3.8 | F86: Europ Foods | J86: =SUM(G86:I86) -> 0 | K86: =SUM(C86*J86) -> 0
A87: 1.5L | B87: Juicee Lime | C87: 2.84 | D87: 3.5 | E87: 3.8 | F87: Europ Foods | I87: 2 | J87: =SUM(G87:I87) -> 2 | K87: =SUM(C87*J87) -> 5.68
A88: 1.5L | B88: Juicee Summer Fruits | C88: 2.84 | D88: 3.5 | E88: 3.8 | F88: Europ Foods | J88: =SUM(G88:I88) -> 0 | K88: =SUM(C88*J88) -> 0
A89: 1L | B89: Don Simon Apple Disfruta | C89: 1.1 | D89: 1.4 | E89: 1.75 | F89: Comabe | J89: =SUM(G89:I89) -> 0 | K89: =SUM(C89*J89) -> 0
A90: 1L | B90: Don Simon Apple Disfruta Case 12 | C90: 13.21 | D90: 16 | E90: 17 | F90: Comabe | I90: 1 | J90: =SUM(G90:I90) -> 1 | K90: =SUM(C90*J90) -> 13.21
A91: 1L | B91: Don Simon Orange Disfruta | C91: 1.31 | D91: 1.5 | E91: 1.75 | F91: Comabe | J91: =SUM(G91:I91) -> 0 | K91: =SUM(C91*J91) -> 0
A92: 1L | B92: Don Simon Orange Disfruta Case 12 | C92: 15.77 | D92: 18 | E92: 19 | F92: Comabe | I92: 3 | J92: =SUM(G92:I92) -> 3 | K92: =SUM(C92*J92) -> 47.31
A93: 1L | B93: Don Simon Orange | C93: 1.6 | D93: 2 | E93: 2 | F93: Comabe | J93: =SUM(G93:I93) -> 0 | K93: =SUM(C93*J93) -> 0
A94: 1L | B94: Don Simon Orange Case 12 | C94: 19.31 | D94: 24 | E94: 24 | F94: Comabe | I94: 2 | J94: =SUM(G94:I94) -> 2 | K94: =SUM(C94*J94) -> 38.62
A95: 1L | B95: Don Simon Pina Disfruta | C95: 1.1 | D95: 1.4 | E95: 1.75 | F95: Comabe | J95: =SUM(G95:I95) -> 0 | K95: =SUM(C95*J95) -> 0
A96: 1L | B96: Don Simon Pina Disfruta Case 12 | C96: 13.21 | D96: 16 | E96: 17 | F96: Comabe | I96: 2 | J96: =SUM(G96:I96) -> 2 | K96: =SUM(C96*J96) -> 26.42
A97: 1L | B97: Don Simon Tomato | D97: 1.5 | E97: 1.75 | F97: Comabe | J97: =SUM(G97:I97) -> 0 | K97: =SUM(C97*J97) -> 0
A98: 1L | B98: Don Simon Tomato Case 12 | D98: 18 | E98: 19 | F98: Comabe | J98: =SUM(G98:I98) -> 0 | K98: =SUM(C98*J98) -> 0
A99: 1L | B99: Robinsons Orange | F99: Interbalear | I99: 13 | J99: =SUM(G99:I99) -> 13 | K99: =SUM(C99*J99) -> 0
A100: 1L | B100: Robinsons Blackcurrant | F100: Interbalear | J100: =SUM(G100:I100) -> 0 | K100: =SUM(C100*J100) -> 0
A101: 1L | B101: Robinsons Apple & Blackcurrant | F101: Interbalear | I101: 11 | J101: =SUM(G101:I101) -> 11 | K101: =SUM(C101*J101) -> 0
A102: 1L | B102: Cranberry Juice | C102: 1.73 | D102: 2.2 | E102: 2.5 | F102: Interbalear | I102: 21 | J102: =SUM(G102:I102) -> 21 | K102: =SUM(C102*J102) -> 36.33
B103: Fruit Shoot | E103: 1.25 | F103: Interb / Europ F | J103: =SUM(G103:I103) -> 0 | K103: =SUM(C103*J103) -> 0
B107: Energy Drinks and Others
A109: 250 | B109: Red Bull Can | C109: 1.02 | D109: 1.3 | E109: 1.4 | F109: Comabe | J109: =SUM(G109:I109) -> 0 | K109: =SUM(C109*J109) -> 0
A110: 250 | B110: Red Bull Can Case 24 | C110: 24.49 | D110: 29 | E110: 30 | F110: Comabe | I110: 6 | J110: =SUM(G110:I110) -> 6 | K110: =SUM(C110*J110) -> 146.94
A111: 1000 | B111: Boost Litre | D111: 1.75 | E111: 1.95 | F111: Tindale | J111: =SUM(G111:I111) -> 0 | K111: =SUM(C111*J111) -> 0
B112: Boost Litre x 12 | D112: 19.8 | E112: 21 | F112: Tindale | J112: =SUM(G112:I112) -> 0 | K112: =SUM(C112*J112) -> 0
B113: Aquarius Orange Can 24x330ml | C113: 23.47 | D113: 25 | E113: 26 | F113: Coke | I113: 4 | J113: =SUM(G113:I113) -> 4 | K113: =SUM(C113*J113) -> 93.88
B114: Aquarius Orange Can | C114: 0.98 | D114: 1 | E114: 1.2 | F114: Coke | J114: =SUM(G114:I114) -> 0 | K114: =SUM(C114*J114) -> 0
B115: Aquarius Lemon Can 24x330ml | C115: 23.47 | D115: 25 | E115: 26 | F115: Coke | J115: =SUM(G115:I115) -> 0 | K115: =SUM(C115*J115) -> 0
B116: Aquarius Lemon Can | C116: 0.98 | D116: 1 | E116: 1.2 | F116: Coke | I116: 2 | J116: =SUM(G116:I116) -> 2 | K116: =SUM(C116*J116) -> 1.96
...

Sheet Frozen Food
A1: Item | B1: Cap. (g) | C1: Buy 2025 | D1: Bar Price | E1: Shop Price | F1: Supplier | G1: Downstairs/Out back | H1: Shelves | I1: Storage Upstairs | J1: Quantity | K1: Value
A2: Frozen Goods | K2: =SUM(K3:K90) -> 359.57
A4: Pies
A6: Chicken & Mushroom Pie | C6: 2.31 | D6: 2.8 | E6: 3 | F6: Europ Foods | H6: 19 | J6: =SUM(G6:I6) -> 19 | K6: =SUM(C6*J6) -> 43.89
A7: Mince Meat & Onion Pie | C7: 2.21 | D7: 2.8 | E7: 3 | F7: Europ Foods | H7: 7 | J7: =SUM(G7:I7) -> 7 | K7: =SUM(C7*J7) -> 15.47
A8: Steak & Guinness Pie | C8: 2.75 | D8: 3 | E8: 3 | F8: Europ Foods | H8: 10 | J8: =SUM(G8:I8) -> 10 | K8: =SUM(C8*J8) -> 27.5
A9: Steak & Kidney Pie | C9: 2.39 | D9: 2.8 | E9: 3 | F9: Europ Foods | H9: 10 | J9: =SUM(G9:I9) -> 10 | K9: =SUM(C9*J9) -> 23.9
A10: Steak Pie | C10: 2.47 | D10: 2.8 | E10: 3 | F10: Europ Foods | H10: 17 | J10: =SUM(G10:I10) -> 17 | K10: =SUM(C10*J10) -> 41.99
A11: Meat & Potato Pie | C11: 2.08 | D11: 2.8 | E11: 3 | F11: Europ Foods | H11: 10 | J11: =SUM(G11:I11) -> 10 | K11: =SUM(C11*J11) -> 20.8
A12: Cornish Pastie | C12: 1.99 | D12: 2.2 | E12: 2.2 | F12: Europ Foods | H12: 6 | J12: =SUM(G12:I12) -> 6 | K12: =SUM(C12*J12) -> 11.94
A13: Cheese & Onion Pastie | C13: 1.66 | D13: 2.2 | E13: 2.2 | F13: Europ Foods | H13: 12 | J13: =SUM(G13:I13) -> 12 | K13: =SUM(C13*J13) -> 19.92
A14: Sausage Roll Jumbo | C14: 1.75 | D14: 2.2 | E14: 2.2 | F14: Europ Foods | H14: 5 | J14: =SUM(G14:I14) -> 5 | K14: =SUM(C14*J14) -> 8.75
A17: Frozen Meat
A19: Bacon 2.25kg | C19: 17.71 | D19: 20 | E19: 20 | F19: Europ Foods | H19: 1 | J19: =SUM(G19:I19) -> 1 | K19: =SUM(C19*J19) -> 17.71
A20: Bacon 400g | C20: 3.46 | D20: 4.5 | E20: 4.5 | F20: Europ Foods | H20: 5 | J20: =SUM(G20:I20) -> 5 | K20: =SUM(C20*J20) -> 17.3
A21: Bacon 200g | C21: 1.82 | D21: 2.75 | E21: 2.75 | F21: Europ Foods | J21: =SUM(G21:I21) -> 0 | K21: =SUM(C21*J21) -> 0
A22: Sausage Bag 40 | C22: 11.5 | D22: 12.95 | E22: 12.95 | F22: Europ Foods | H22: 2 | J22: =SUM(G22:I22) -> 2 | K22: =SUM(C22*J22) -> 23
A23: Sausage Individual | C23: 0.29 | D23: 0.4 | E23: 0.4 | F23: Europ Foods | J23: =SUM(G23:I23) -> 0 | K23: =SUM(C23*J23) -> 0
A24: Lorne Sausage 1Kg bag | C24: 8.2 | D24: 9.95 | E24: 9.95 | F24: Europ Foods | H24: 1 | J24: =SUM(G24:I24) -> 1 | K24: =SUM(C24*J24) -> 8.2
A25: Black Pudding Single | D25: 0.4 | E25: 0.4 | F25: Europ Foods | J25: =SUM(G25:I25) -> 0 | K25: =SUM(C25*J25) -> 0
A26: Black Pudding Stick 1.36Kg | C26: 5.94 | D26: 7 | E26: 7 | F26: Europ Foods | J26: =SUM(G26:I26) -> 0 | K26: =SUM(C26*J26) -> 0
A27: Gammon Joint per Kg | C27: 7.13 | D27: 7.90 per kg | E27: 7.90 per kg | F27: Europ Foods | J27: =SUM(G27:I27) -> 0 | K27: =SUM(C27*J27) -> 0
A28: Gammon Steak Pack 2 | C28: 5.22 | D28: 6.5 | E28: 6.5 | F28: Europ Foods | H28: 2 | J28: =SUM(G28:I28) -> 2 | K28: =SUM(C28*J28) -> 10.44
A29: Irish Steak Burger | C29: 1.2 | D29: 1.5 | E29: 1.5 | F29: Europ Foods | J29: =SUM(G29:I29) -> 0 | K29: =SUM(C29*J29) -> 0
A30: Haggis | C30: 6.38 | D30: 7 | E30: 7 | F30: Europ Foods | J30: =SUM(G30:I30) -> 0 | K30: =SUM(C30*J30) -> 0
A31: Chicken Kiev Bag 5 | C31: 12.3 | D31: 14 | E31: 14 | F31: Europ Foods | H31: 1 | J31: =SUM(G31:I31) -> 1 | K31: =SUM(C31*J31) -> 12.3
A32: Chicken Kiev Single | C32: 2.46 | D32: 2.8 | E32: 2.8 | F32: Europ Foods | J32: =SUM(G32:I32) -> 0 | K32: =SUM(C32*J32) -> 0
A33: Spicy Chicken Wings Bag 48 | C33: 22.82 | D33: 24 | E33: 24 | F33: Europ Foods | J33: =SUM(G33:I33) -> 0 | K33: =SUM(C33*J33) -> 0
A34: Spicy Chicken Wings Single | C34: 0.47 | D34: 0.6 | E34: 0.6 | F34: Europ Foods | J34: =SUM(G34:I34) -> 0 | K34: =SUM(C34*J34) -> 0
A35: Southern Fried Chicken Goujon Strip Bag | C35: 12.37 | D35: 14 | E35: 14 | F35: Europ Foods | J35: =SUM(G35:I35) -> 0 | K35: =SUM(C35*J35) -> 0
A36: Pork Pies Pack 4 | C36: 3.36 | D36: 4 | E36: 4 | F36: Tindale | J36: =SUM(G36:I36) -> 0 | K36: =SUM(C36*J36) -> 0
A39: Bread / Cake
A41: Thick Bread | C41: 2.7 | D41: 3.3 | E41: 3.3 | F41: Europ Foods | H41: 6 | J41: =SUM(G41:I41) -> 6 | K41: =SUM(C41*J41) -> 16.2
A42: Medium Bread | C42: 2.7 | D42: 3.3 | E42: 3.3 | F42: Europ Foods | J42: =SUM(G42:I42) -> 0 | K42: =SUM(C42*J42) -> 0
A43: Wholemeal Bread | C43: 2.7 | D43: 3.3 | E43: 3.3 | F43: Europ Foods | J43: =SUM(G43:I43) -> 0 | K43: =SUM(C43*J43) -> 0
A44: Malted Wholegrain | C44: 2.7 | D44: 3.3 | E44: 3.3 | F44: Europ Foods | J44: =SUM(G44:I44) -> 0 | K44: =SUM(C44*J44) -> 0
A45: Dutch Baps Pack 8 | C45: 3.73 | D45: 4.5 | E45: 4.5 | F45: Europ Foods | H45: 4 | J45: =SUM(G45:I45) -> 4 | K45: =SUM(C45*J45) -> 14.92
A46: Tea Cakes Pack 5 | C46: 3.62 | D46: 4.5 | E46: 4.5 | F46: Europ Foods | H46: 6 | J46: =SUM(G46:I46) -> 6 | K46: =SUM(C46*J46) -> 21.72
A47: Crumpets Pack 6 | C47: 1.81 | D47: 2.5 | E47: 2.5 | F47: Europ Foods | H47: 2 | J47: =SUM(G47:I47) -> 2 | K47: =SUM(C47*J47) -> 3.62
A48: Muffins Pack 4 | C48: 2.15 | D48: 3 | E48: 3 | F48: Europ Foods | J48: =SUM(G48:I48) -> 0 | K48: =SUM(C48*J48) -> 0
A49: Fruit Scones Single | C49: 1.24 | D49: 1.4 | E49: 1.4 | F49: Europ Foods | J49: =SUM(G49:I49) -> 0 | K49: =SUM(C49*J49) -> 0
A51: Various
A53: Jacket Potato Bag 7 | C53: 8.47 | D53: 10.5 | E53: 10.5 | F53: Europ Foods | J53: =SUM(G53:I53) -> 0 | K53: =SUM(C53*J53) -> 0
A54: Jacket Potato Single | C54: 1.21 | D54: 1.5 | E54: 1.5 | F54: Europ Foods | J54: =SUM(G54:I54) -> 0 | K54: =SUM(C54*J54) -> 0
A55: Hash Brown 2.5KG | C55: 6.98 | D55: 8.75 | E55: 8.75 | F55: Europ Foods | J55: =SUM(G55:I55) -> 0 | K55: =SUM(C55*J55) -> 0
A56: Chips 2.5KG bag | C56: 5.15 | D56: 6.5 | E56: 6.5 | F56: Europ Foods | J56: =SUM(G56:I56) -> 0 | K56: =SUM(C56*J56) -> 0
A57: Potato Scones | C57: 1.43 | D57: 1.95 | E57: 1.95 | F57: Europ Foods | J57: =SUM(G57:I57) -> 0 | K57: =SUM(C57*J57) -> 0
A58: YOrkshire Puddings Bag 20 | C58: 5.49 | D58: 7 | E58: 7 | F58: Europ Foods | J58: =SUM(G58:I58) -> 0 | K58: =SUM(C58*J58) -> 0
A59: Yorkshire Puddings Single | C59: 0.27 | D59: 0.5 | E59: 0.5 | F59: Europ Foods | J59: =SUM(G59:I59) -> 0 | K59: =SUM(C59*J59) -> 0
J64: =SUM(G64:I64) -> 0 | K64: =SUM('Dried Food'!C4*J64) -> 0
J65: =SUM(G65:I65) -> 0 | K65: =SUM('Dried Food'!C5*J65) -> 0
J66: =SUM(G66:I66) -> 0 | K66: =SUM('Dried Food'!C6*J66) -> 0
J67: =SUM(G67:I67) -> 0 | K67: =SUM('Dried Food'!C7*J67) -> 0
J68: =SUM(G68:I68) -> 0 | K68: =SUM('Dried Food'!C8*J68) -> 0
J69: =SUM(G69:I69) -> 0 | K69: =SUM('Dried Food'!C9*J69) -> 0
J70: =SUM(G70:I70) -> 0 | K70: =SUM('Dried Food'!C10*J70) -> 0
J71: =SUM(G71:I71) -> 0 | K71: =SUM('Dried Food'!C11*J71) -> 0
J72: =SUM(G72:I72) -> 0 | K72: =SUM('Dried Food'!C12*J72) -> 0
J73: =SUM(G73:I73) -> 0 | K73: =SUM('Dried Food'!C13*J73) -> 0
J74: =SUM(G74:I74) -> 0 | K74: =SUM('Dried Food'!C14*J74) -> 0
J75: =SUM(G75:I75) -> 0 | K75: =SUM('Dried Food'!C15*J75) -> 0
... J80: =SUM(G80:I80) -> 0 | K80: =SUM('Dried Food'!C20*J80) -> 0

Sheet Dried Food
A1: Item | B1: Cap. (g) | C1: Buy 2025 | D1: Bar Price | E1: Shop Price | F1: Supplier | G1: Downstairs/Out back | H1: Shelves | I1: Storage Upstairs | J1: Quantity | K1: Value
A2: Dried Goods | K2: =SUM(K3:K103) -> 0
A4: Beans | E4: 1.75 | F4: Interbalear
A5: Branston Pickle | E5: 3.9 | F5: Interbalear | J5: =SUM(G5:I5) -> 0 | K5: =SUM(C5*J5) -> 0
A6: Colmans Mustard | D6: 2.8 | E6: 2.8 | F6: Interbalear | J6: =SUM(G6:I6) -> 0 | K6: =SUM(C6*J6) -> 0
A7: Corned Beef | C7: 3.8 | D7: 4.8 | E7: 4.8 | F7: Interbalear | J7: =SUM(G7:I7) -> 0 | K7: =SUM(C7*J7) -> 0
A8: Crackers | B8: 240g | C8: 1.66 | D8: 2.4 | E8: 2.4 | F8: Interbalear | J8: =SUM(G8:I8) -> 0 | K8: =SUM(C8*J8) -> 0
A9: Gravy | C9: 2.54 | D9: 3 | E9: 3 | F9: Tindale | J9: =SUM(G9:I9) -> 0 | K9: =SUM(C9*J9) -> 0
A10: Heinz Ketchup | E10: 3 | F10: Interbalear | J10: =SUM(G10:I10) -> 0 | K10: =SUM(C10*J10) -> 0
A11: HP Sauce | C11: 1.77 | E11: 2.8 | F11: Interbalear | J11: =SUM(G11:I11) -> 0 | K11: =SUM(C11*J11) -> 0
A12: Lea & Perrins | D12: 4.5 | E12: 4.5 | F12: Interbalear | J12: =SUM(G12:I12) -> 0 | K12: =SUM(C12*J12) -> 0
A13: Mint Sauce | E13: 2.8 | F13: Interbalear | J13: =SUM(G13:I13) -> 0 | K13: =SUM(C13*J13) -> 0
A14: Mushy Peas | E14: 1.3 | F14: Interbalear | J14: =SUM(G14:I14) -> 0 | K14: =SUM(C14*J14) -> 0
A15: Pot Noodle | D15: 1.95 | E15: 1.95 | F15: Interbalear | J15: =SUM(G15:I15) -> 0 | K15: =SUM(C15*J15) -> 0
A16: Sarsons Vinegar | D16: 3 | E16: 3 | F16: Interbalear | J16: =SUM(G16:I16) -> 0 | K16: =SUM(C16*J16) -> 0
A17: Soup Chicken | D17: 1.8 | E17: 1.8 | F17: Interbalear | J17: =SUM(G17:I17) -> 0 | K17: =SUM(C17*J17) -> 0
A18: Soup Tomato | D18: 1.8 | E18: 1.8 | F18: Interbalear | J18: =SUM(G18:I18) -> 0 | K18: =SUM(C18*J18) -> 0
A19: Tabasco | C19: 3.9 | D19: 4.5 | E19: 4.5 | F19: Interbalear | J19: =SUM(G19:I19) -> 0 | K19: =SUM(C19*J19) -> 0
A20: Tea Bags Tetley | D20: 2.4 | E20: 2.4 | F20: Interbalear | J20: =SUM(G20:I20) -> 0 | K20: =SUM(C20*J20) -> 0
J41: =SUM(G41:I41) -> 0 | K41: =SUM(C41*J41) -> 0
J42: =SUM(G42:I42) -> 0 | K42: =SUM(C42*J42) -> 0
J43: =SUM(G43:I43) -> 0 | K43: =SUM(C43*J43) -> 0
J44: =SUM(G44:I44) -> 0 | K44: =SUM(C44*J44) -> 0
J45: =SUM(G45:I45) -> 0 | K45: =SUM(C45*J45) -> 0
J46: =SUM(G46:I46) -> 0 | K46: =SUM(C46*J46) -> 0
J47: =SUM(G47:I47) -> 0 | K47: =SUM(C47*J47) -> 0

Sheet Sweets & Crisps
A1: Item | B1: Cap. (g) | C1: Buy 2025 | D1: Bar Price | E1: Shop Price | F1: Supplier | G1: Shelves | H1: Storage Upstairs | I1: Quantity | J1: Value
J2: =SUM(J3:J102) -> 0
A3: SWEETS
A5: Twirl | B5: 43 | C5: 1.27 | D5: 1.4 | E5: 1.5 | F5: Cabalsa | I5: =SUM(F5:H5) -> 0 | J5: =SUM(C5*I5) -> 0
A6: Dairy Milk | B6: 49 | C6: 1.25 | D6: 1.4 | E6: 1.5 | F6: Cabalsa | I6: =SUM(F6:H6) -> 0 | J6: =SUM(C6*I6) -> 0
A7: Whole Nut | B7: 49 | C7: 1.25 | D7: 1.4 | E7: 1.5 | F7: Cabalsa | I7: =SUM(F7:H7) -> 0 | J7: =SUM(C7*I7) -> 0
A8: Fruit & Nut | B8: 49 | C8: 1.04 | D8: 1.4 | E8: 1.5 | F8: Cabalsa | I8: =SUM(F8:H8) -> 0 | J8: =SUM(C8*I8) -> 0
A9: Crunchie | B9: 40 | C9: 1.09 | D9: 1.4 | E9: 1.5 | F9: Cabalsa | I9: =SUM(F9:H9) -> 0 | J9: =SUM(C9*I9) -> 0
A10: Caramel | B10: 50 | C10: 1.25 | D10: 1.4 | E10: 1.5 | F10: Cabalsa | I10: =SUM(F10:H10) -> 0 | J10: =SUM(C10*I10) -> 0
A12: CRISPS
A14: Walkers All Flavours Bag | B14: 32 | D14: 0.9 | E14: 1.2 | F14: Interbalear | I14: =SUM(F14:H14) -> 0 | J14: =SUM(C14*I14) -> 0
A15: Walkers All Flavours Box 32 | B15: 32 | D15: 30 | E15: 32 | F15: Interbalear | I15: =SUM(F15:H15) -> 0 | J15: =SUM(C15*I15) -> 0
A16: LAYS Big Bags | B16: 170 | C16: 1.48 | D16: 2.25 | E16: 2.25 | F16: Pepsico | I16: =SUM(F16:H16) -> 0 | J16: =SUM(C16*I16) -> 0
A20: OTHERS
A22: Golden Wonder Salted Nuts | B22: 50 | F22: Interbalear | I22: =SUM(F22:H22) -> 0 | J22: =SUM(C22*I22) -> 0
A23: KPSalted Nuts | B23: 50 | F23: Interbalear | I23: =SUM(F23:H23) -> 0 | J23: =SUM(C23*I23) -> 0
A24: Bacon Fries | B24: 25 | F24: Interbalear | I24: =SUM(F24:H24) -> 0 | J24: =SUM(C24*I24) -> 0
A25: Scampi Fries | B25: 25 | F25: Interbalear | I25: =SUM(F25:H25) -> 0 | J25: =SUM(C25*I25) -> 0
A26: Pork Scratchings | F26: Interbalear | I26: =SUM(F26:H26) -> 0 | J26: =SUM(C26*I26) -> 0
A27: Orbit Chewing Gum | F27: Rotger/GM | I27: =SUM(F27:H27) -> 0 | J27: =SUM(C27*I27) -> 0
I40: =SUM(F40:H40) -> 0 | J40: =SUM(C40*I40) -> 0
I41: =SUM(F41:H41) -> 0 | J41: =SUM(C41*I41) -> 0
I42: =SUM(F42:H42) -> 0 | J42: =SUM(C42*I42) -> 0
I43: =SUM(F43:H43) -> 0 | J43: =SUM(C43*I43) -> 0
I44: =SUM(F44:H44) -> 0 | J44: =SUM(C44*I44) -> 0
I45: =SUM(F45:H45) -> 0 | J45: =SUM(C45*I45) -> 0
I46: =SUM(F46:H46) -> 0 | J46: =SUM(C46*I46) -> 0
